ID,Tract_ID,Prec_ID,%Prec,%Tract,Precinct_FID,SupDist,area_precinct,area_tract,overlap_area
816,261,1101,0.01202215,0.00425712,576,11,266009,751211,3198
1056,255,1101,0.98797785,0.244120182,576,11,266009,1076563,262811
568,255,1102,0.984261849,0.174857231,575,11,191255,1076563,188245
929,261,1102,0.015738151,0.004006858,575,11,191255,751211,3010
932,255,1103,1,0.155987011,577,11,167930,1076563,167930
380,255,1104,1,0.072856793,572,11,78435,1076563,78435
204,255,1105,0.999908832,0.101877826,584,11,109688,1076563,109678
1092,256,1105,0.000100284,1.96E-05,584,11,109688,562531,11
582,313.01,1106,0.997998642,0.364396102,556,11,164888,451590,164558
904,309,1106,4.24531E-05,3.77E-06,556,11,164888,1854832,7
1336,313.02,1106,0.001958905,0.000471054,556,11,164888,685810,323
1250,313.01,1107,1,0.292966423,559,11,132301,451590,132301
644,309,1108,1.82736E-05,1.62E-06,560,11,164171,1854832,3
759,312.01,1108,0.11061637,0.035461201,560,11,164171,512110,18160
1376,313.01,1108,0.889371448,0.323321324,560,11,164171,451590,146009
165,312.01,1109,0.857282588,0.210511825,562,11,125752,512110,107805
808,312.02,1109,0.142717412,0.058002443,562,11,125752,309419,17947
1093,312.01,1111,0.556665782,0.176126567,563,11,162029,512110,90196
1276,312.02,1111,0.443328046,0.232151976,563,11,162029,309419,71832
216,312.01,1112,0.446358557,0.127601741,565,11,146398,512110,65346
509,261,1112,0.04554707,0.008876323,565,11,146398,751211,6668
676,312.02,1112,0.508094373,0.240399718,565,11,146398,309419,74384
1031,310,1112,6.83069E-06,1.22E-06,565,11,146398,819579,1
531,260.04,1113,0.000129667,9.81E-05,574,11,254499,336227,33
885,263.01,1113,1.17879E-05,8.16E-06,574,11,254499,367744,3
1134,261,1113,0.999858546,0.338736602,574,11,254499,751211,254463
255,260.04,1114,0.001348569,0.000728674,573,11,181674,336227,245
501,261,1114,0.998629413,0.24150972,573,11,181674,751211,181425
951,255,1114,2.20175E-05,3.72E-06,573,11,181674,1076563,4
44,313.01,1115,5.33783E-06,2.21E-06,557,11,187342,451590,1
492,313.02,1115,1,0.273214369,557,11,187342,685810,187342
2,313.02,1116,1,0.275730061,558,11,189067,685810,189067
137,314,1117,0.783887883,0.150551171,561,11,147988,770541,116006
724,313.02,1117,0.216112117,0.04664166,561,11,147988,685810,31982
641,314,1118,1,0.286694301,564,11,220910,770541,220910
381,312.02,1119,0.744716151,0.394582733,566,11,163943,309419,122091
486,262,1119,0.090604661,0.019178305,566,11,163943,774553,14854
963,261,1119,0.017499985,0.003819162,566,11,163943,751211,2869
1106,314,1119,0.147179203,0.031314322,566,11,163943,770541,24129
476,261,1121,0.420779237,0.090039829,596,11,160747,751211,67639
985,262,1121,0.579220763,0.120213655,596,11,160747,774553,93108
426,261,1122,1,0.186386799,569,11,140016,751211,140016
124,314,1123,0.915165925,0.224296664,601,11,188851,770541,172830
913,313.02,1123,0.08482878,0.023363123,601,11,188851,685810,16020
316,262,1124,0.043565336,0.011374772,567,11,202225,774553,8810
462,314,1124,0.956439609,0.251012923,567,11,202225,770541,193416
25,314,1125,0.145381024,0.05613062,582,11,297501,770541,43251
302,313.02,1125,0.042272127,0.018340489,582,11,297501,685810,12576
1212,262,1125,0.812340127,0.312027692,582,11,297501,774553,241672
725,262,1126,1,0.263734618,568,11,204268,774553,204268
406,262,1127,0.99837075,0.208078283,597,11,161424,774553,161161
1126,261,1127,0.00162925,0.000350101,597,11,161424,751211,263
729,263.01,1128,7.02736E-06,2.72E-06,595,11,142301,367744,1
996,261,1128,0.644120561,0.122014824,595,11,142301,751211,91659
1368,262,1128,0.355865384,0.065382346,595,11,142301,774553,50640
194,263.03,1129,0.999960434,0.473959591,570,11,202193,426613,202185
1082,262,1129,3.95662E-05,1.03E-05,570,11,202193,774553,8
672,263.03,1131,0.249922577,0.07377862,598,11,125931,426613,31473
1208,263.01,1131,0.750077423,0.25685873,598,11,125931,367744,94458
430,263.01,1132,0.999994199,0.468737678,599,11,172376,367744,172375
507,263.02,1132,0,0,599,11,172376,760327,0
716,263.02,1133,0.002363149,0.000601064,600,11,193386,760327,457
969,263.03,1133,0.997636851,0.45226179,600,11,193386,426613,192929
389,263.02,1134,1,0.193612155,592,11,147207,760327,147207
842,263.02,1135,1,0.184416015,571,11,140215,760327,140215
197,263.02,1136,1,0.236886096,583,11,180109,760327,180109
1265,605.02,1136,0,0,583,11,180109,275511,0
558,260.02,1141,0,0,578,11,208135,357874,0
700,256,1141,0.999697312,0.369885393,578,11,208135,562531,208072
1020,255,1141,0.000302688,5.85E-05,578,11,208135,1076563,63
1080,256,1142,0.279695248,0.090842994,579,11,182706,562531,51102
1249,255,1142,0.001094655,0.000185776,579,11,182706,1076563,200
1346,260.02,1142,0.719210097,0.367180536,579,11,182706,357874,131404
1209,260.01,1143,1,0.392131011,580,11,159713,407295,159713
338,260.01,1144,0.779574852,0.284258339,586,11,148513,407295,115777
1277,260.03,1144,0.107855878,0.040104053,586,11,148513,399411,16018
1371,260.02,1144,0.11256927,0.046714896,586,11,148513,357874,16718
30,260.02,1145,1,0.499959483,585,11,178922,357874,178922
210,260.01,1146,0.193583489,0.079495206,590,11,167256,407295,32378
593,260.04,1146,0.806398575,0.40114268,590,11,167256,336227,134875
683,261,1146,1.19577E-05,2.66E-06,590,11,167256,751211,2
448,260.01,1147,0.444883922,0.1629335,588,11,149167,407295,66362
1041,260.03,1147,0.111043327,0.041471066,588,11,149167,399411,16564
1168,260.04,1147,0.444072751,0.197012732,588,11,149167,336227,66241
922,260.03,1148,0.800385163,0.331936276,589,11,165644,399411,132579
1408,260.01,1148,0.199614837,0.081181944,589,11,165644,407295,33065
1210,260.03,1149,0.975633731,0.375230026,587,11,153614,399411,149871
1216,9805.01,1149,0.024366269,0.002348187,587,11,153614,1593996,3743
1323,260.02,1149,0,0,587,11,153614,357874,0
662,9805.01,1151,1,0.043140008,581,11,68765,1593996,68765
223,260.04,1152,0.46601253,0.23250661,591,11,167753,336227,78175
734,263.01,1152,0.524419832,0.239224132,591,11,167753,367744,87973
1156,263.02,1152,0.009567638,0.002110956,591,11,167753,760327,1605
411,263.02,1153,0.00521402,0.001061397,593,11,154775,760327,807
540,260.03,1153,0.545172024,0.211258578,593,11,154775,399411,84379
596,260.04,1153,0.366066871,0.168511155,593,11,154775,336227,56658
999,263.01,1153,0.083547084,0.035163144,593,11,154775,367744,12931
570,263.02,1154,0.999991791,0.320422086,594,11,243625,760327,243623
925,263.01,1154,8.20934E-06,5.44E-06,594,11,243625,367744,2
203,228.01,7001,0.334717705,0.168422546,531,10,290866,578059,97358
387,177,7001,0.4842161,0.155827287,531,10,290866,903834,140842
1394,228.02,7001,0.181062757,0.180899189,531,10,290866,291129,52665
264,607,7002,0.390400697,0.066092065,605,10,369756,2926381,144353
386,228.02,7002,0.15857214,0.201398693,605,10,369756,291129,58633
889,227.04,7002,0.07079804,0.048067601,605,10,369756,544609,26178
1010,177,7002,0.380229124,0.155550687,605,10,369756,903834,140592
545,227.04,7003,1,0.356919105,535,10,194381,544609,194381
240,227.04,7004,0.823119635,0.311122863,541,10,205851,544609,169440
526,227.02,7004,0.176880365,0.128280921,541,10,205851,283838,36411
177,226,7005,0.046095936,0.005154494,533,10,151163,1858319,6968
1274,227.02,7005,0.953904064,0.508018659,533,10,151163,283838,144195
611,614,7006,0.150487608,0.063839004,536,10,339822,801061,51139
621,227.04,7006,0.026911148,0.016791894,536,10,339822,544609,9145
758,229.03,7006,0.419092937,0.459967574,536,10,339822,309622,142417
848,251,7006,0.017356145,0.010589496,536,10,339822,556965,5898
961,228.02,7006,0.386155105,0.450741767,536,10,339822,291129,131224
605,614,7007,0.63646727,0.133818606,539,10,168425,801061,107197
766,227.04,7007,0.363526792,0.112423982,539,10,168425,544609,61227
307,227.04,7008,0.536486728,0.154674555,540,10,157016,544609,84237
798,227.02,7008,0.309025832,0.170949626,540,10,157016,283838,48522
1122,614,7008,0.154487441,0.030281052,540,10,157016,801061,24257
98,9809,7009,0.41369098,0.031068595,537,10,271814,3855813,112447
510,614,7009,0.58630902,0.198944651,537,10,271814,801061,159367
237,614,7011,1,0.266891951,507,10,213797,801061,213797
538,226,7012,0.000507681,0.000139071,538,10,370311,1858319,188
760,227.02,7012,0.125618737,0.163889261,538,10,370311,283838,46518
1028,9809,7012,0.243087567,0.024871564,538,10,370311,3855813,90018
1157,614,7012,0.630786015,0.291596655,538,10,370311,801061,233587
474,227.02,7013,0.015178775,0.028861534,534,10,539701,283838,8192
1058,226,7013,0.984823078,0.393178136,534,10,539701,1858319,531510
198,226,7014,0.999701011,0.111302457,616,10,150507,1858319,150462
754,614,7014,0.000292345,5.49E-05,616,10,150507,801061,44
175,251,7015,6.9988E-05,0.000134658,525,10,1071613,556965,75
817,9809,7015,0.867143269,0.256745339,525,10,1071613,3855813,929242
1319,257.01,7015,8.77182E-05,0.000149834,525,10,1071613,627360,94
1433,230.01,7015,0.132699025,0.213497924,525,10,1071613,666059,142202
67,230.01,7016,0.105395087,0.139510373,528,10,881654,666059,92922
452,9809,7016,0.800359325,0.194965123,528,10,881654,3855813,705640
651,612,7016,0.094245588,0.191129891,528,10,881654,434740,83092
449,612,7017,0.038231318,0.145182994,529,10,1650924,434740,63117
579,179.02,7017,0.002816605,0.001564281,529,10,1650924,126558522,4650
1019,231.02,7017,0.048532822,0.160493555,529,10,1650924,499234,80124
1329,9809,7017,0.551788574,0.251694382,529,10,1650924,3855813,910961
1335,231.03,7017,0.358631288,0.473811157,529,10,1650924,1249607,592073
46,257.01,7018,0,0,520,10,257935,627360,0
782,257.02,7018,0.074429604,0.035987973,520,10,257935,533457,19198
1361,230.01,7018,0.925566519,0.358431248,520,10,257935,666059,238736
272,230.03,7019,0.899868298,0.400794339,519,10,182230,409145,163983
351,230.01,7019,0.100131702,0.027395512,519,10,182230,666059,18247
890,612,7021,0.872974851,0.289036461,509,10,143940,434740,125656
894,232,7021,0.005731555,0.000963147,509,10,143940,856566,825
1146,230.03,7021,0.121300542,0.042674358,509,10,143940,409145,17460
528,232,7022,0.085065136,0.019927221,546,10,200658,856566,17069
664,612,7022,0.606898305,0.280118507,546,10,200658,434740,121779
1381,231.02,7022,0.30803656,0.123809428,546,10,200658,499234,61810
764,612,7023,0.184682377,0.094532147,545,10,222528,434740,41097
1101,231.03,7023,0,0,545,10,222528,1249607,0
1172,231.02,7023,0.815322117,0.363420033,545,10,222528,499234,181432
26,231.03,7024,1,0.086109362,543,10,107602,1249607,107602
249,179.02,7025,0.369920264,0.066579179,542,10,535018,126558522,197914
283,231.03,7025,0.608624383,0.260584012,542,10,535018,1249607,325625
591,9806,7025,0.021455353,0.003333197,542,10,535018,4148410,11479
861,230.01,7026,0.686915536,0.246816343,527,10,239322,666059,164394
1252,230.03,7026,0.144508236,0.08452749,527,10,239322,409145,34584
1367,257.02,7026,0.168580406,0.07562948,527,10,239322,533457,40345
485,232,7027,0.004837714,0.000951473,508,10,168468,856566,815
645,230.03,7027,0.995162286,0.409764265,508,10,168468,409145,167653
59,232,7028,1,0.189770327,521,10,162551,856566,162551
666,230.03,7028,0,0,521,10,162551,409145,0
755,232,7029,0.164697165,0.040482531,548,10,210544,856566,34676
1124,231.02,7029,0.835307584,0.352276984,548,10,210544,499234,175869
122,230.03,7030,0.067385666,0.062229772,526,10,377840,409145,25461
692,257.02,7030,0.070664832,0.050050988,526,10,377840,533457,26700
905,230.01,7030,0.020558967,0.011662648,526,10,377840,666059,7768
1356,233,7030,0.841387889,0.499876568,526,10,377840,635977,317910
58,230.03,7031,2.27011E-05,9.78E-06,604,10,176203,409145,4
218,232,7031,0.000766162,0.000157606,604,10,176203,856566,135
916,233,7031,0.996992106,0.276225398,604,10,176203,635977,175673
1357,234,7031,0.002213356,0.000454474,604,10,176203,858135,390
5,233,7032,0.000710575,0.000696566,522,10,623439,635977,443
398,9806,7032,0.050035368,0.009057909,522,10,623439,4148410,31194
436,234,7032,0.66636351,0.484116136,522,10,623439,858135,415437
820,232,7032,0.282890547,0.205897495,522,10,623439,856566,176365
1091,230.03,7032,0,0,522,10,623439,409145,0
1262,232,7033,1,0.481377405,547,10,412332,856566,412332
144,232,7034,0.216864696,0.060472794,544,10,238854,856566,51799
280,231.03,7034,0.740515126,0.141545634,544,10,238854,1249607,176875
475,9806,7034,0.042620178,0.002956002,544,10,238854,4148410,10180
246,9806,7035,0.986199269,0.984652892,518,10,3438441,4148410,3390988
1244,231.03,7035,0.013791715,0.037949835,518,10,3438441,1249607,47422
414,264.04,7036,0.165883008,0.288137654,513,10,328587,189178,54507
622,605.02,7036,0.278127254,0.331707264,513,10,328587,275511,91389
703,263.02,7036,0.000289117,0.000124948,513,10,328587,760327,95
1305,9805.01,7036,0.555700621,0.114552358,513,10,328587,1593996,182596
1035,605.02,7037,1,0.5294961,515,10,145882,275511,145882
1,605.02,7038,0.028029805,0.073144085,523,10,718949,275511,20152
187,264.04,7038,0.055322422,0.210255326,523,10,718949,189178,39774
761,9805.01,7038,0.743483891,0.33533773,523,10,718949,1593996,534527
1076,264.01,7038,0.173163882,0.365044877,523,10,718949,341043,124496
208,9805.01,7039,0.581746049,0.117933797,553,10,323141,1593996,187986
883,264.01,7039,0.048498952,0.04595315,553,10,323141,341043,15672
1407,259,7039,0.000919103,0.000401566,553,10,323141,739604,297
1410,264.02,7039,0.368832801,0.289878513,553,10,323141,411155,119185
438,259,7041,0.999283539,0.022629677,510,10,16749,739604,16737
1220,9805.01,7041,0.000716461,7.53E-06,510,10,16749,1593996,12
989,259,7042,0.306583599,0.059216824,550,10,142855,739604,43797
1379,264.02,7042,0.187084806,0.06500225,550,10,142855,411155,26726
1382,258,7042,0.506331595,0.299251169,550,10,142855,241711,72332
472,233,7043,0.328827765,0.223201468,516,10,431688,635977,141951
972,258,7043,0.078936639,0.140978859,516,10,431688,241711,34076
1237,610,7043,0.537858361,0.107210222,516,10,431688,3030778,232187
1341,234,7043,0.000736643,0.000370571,516,10,431688,858135,318
1385,264.02,7043,0.053638276,0.056316961,516,10,431688,411155,23155
176,234,7044,1,0.322640377,517,10,276869,858135,276869
126,264.01,7045,0.938940866,0.364596253,551,10,132429,341043,124343
1062,9805.01,7045,0.002099238,0.000174404,551,10,132429,1593996,278
1279,264.02,7045,0.058959895,0.018990405,551,10,132429,411155,7808
1150,264.02,7046,1,0.211564982,549,10,86986,411155,86986
116,264.02,7047,0.777435082,0.356804611,552,10,188700,411155,146702
648,610,7047,0.018982512,0.001653956,552,10,188700,3030778,3582
1362,264.03,7047,0.203577107,0.101257315,552,10,188700,379385,38415
410,264.04,7048,0.590966842,0.501601734,512,10,160564,189178,94888
867,264.01,7048,0.30912907,0.145538832,512,10,160564,341043,49635
1392,264.03,7048,0.09989786,0.042279509,512,10,160564,379385,16040
431,610,7049,0.003501891,0.000311675,555,10,192753,3030778,675
1040,264.04,7049,5.18799E-06,5.29E-06,555,10,192753,189178,1
1430,264.03,7049,0.996492921,0.506291845,555,10,192753,379385,192077
745,264.03,7051,0.828181909,0.350028995,554,10,160344,379385,132794
777,264.01,7051,0.167745597,0.078866888,554,10,160344,341043,26897
869,610,7051,0.003030983,0.000224406,554,10,160344,3030778,486
1214,264.02,7051,0.001041511,0.000406173,554,10,160344,411155,167
146,610,7052,0.998856342,0.193573768,514,10,419706,3030778,419226
1285,264.03,7052,0.000128661,0.000142337,514,10,419706,379385,54
1418,264.02,7052,0.001014996,0.001036106,514,10,419706,411155,426
747,610,7053,0.999685384,0.177527812,602,10,384596,3030778,384475
422,610,7054,0.872012327,0.519498161,524,10,1290218,3030778,1125086
1011,234,7054,0.127979148,0.192418442,524,10,1290218,858135,165121
1431,607,7055,1,0.144285113,532,10,315136,2926381,315136
265,9809,7056,0.61561565,0.236155802,530,10,1388402,3855813,854722
565,226,7056,0.375976842,0.386148406,530,10,1388402,1858319,522007
1339,614,7056,0.008408228,0.014573154,530,10,1388402,801061,11674
924,165,7101,0.999741485,0.125273657,3,1,46419,370445,46407
1165,157,7101,0.0001508,8.37E-06,3,1,46419,836674,7
1369,9803,7101,8.61716E-05,8.96E-07,3,1,46419,4751415,4
185,129.01,7201,2.57248E-05,2.21E-05,65,2,155492,180876,4
1152,102,7201,0.999717027,0.298402485,65,2,155492,811304,155448
1255,126.02,7201,0.000250817,6.20E-05,65,2,155492,1172976,39
520,103,7202,0.218394162,0.197902765,64,2,243088,268257,53089
1228,102,7202,0.779454354,0.363723619,64,2,243088,811304,189476
1268,101,7202,0.002151484,0.000673552,64,2,243088,1423408,523
4,130,7203,1.58283E-05,2.73E-06,61,2,63178,365822,1
354,109,7203,0.500316566,0.126109125,61,2,63178,250647,31609
872,102,7203,0.499667606,0.060598847,61,2,63178,811304,31568
159,102,7204,0.856535022,0.178147328,62,2,108347,811304,92803
467,129.01,7204,0.001089093,0.000652381,62,2,108347,180876,118
548,109,7204,0.142375885,0.061544477,62,2,108347,250647,15426
153,103,7205,0.333231959,0.114367512,63,2,92068,268257,30680
293,109,7205,0.168017118,0.061716032,63,2,92068,250647,15469
1113,102,7205,0.498761785,0.088149362,63,2,92068,811304,45920
378,152,7206,1,0.169490251,78,2,47321,279196,47321
770,152,7207,0.282517006,0.056379748,52,2,55717,279196,15741
822,131.02,7207,5.38435E-05,1.26E-05,52,2,55717,237887,3
984,111,7207,0.03329325,0.007507021,52,2,55717,247101,1855
1110,151,7207,0.684117953,0.219240879,52,2,55717,173860,38117
3,151,7208,1,0.30658177,50,2,53302,173860,53302
205,120,7209,0.076336034,0.029713565,51,2,48745,125229,3721
317,151,7209,0.885526721,0.248275902,51,2,48745,173860,43165
696,111,7209,0.038137245,0.007523209,51,2,48745,247101,1859
555,101,7301,0.998221804,0.399076088,112,3,310427,1423408,309875
997,103,7301,0.001774974,0.002053993,112,3,310427,268257,551
50,101,7302,0.919991088,0.505195877,115,3,426390,1423408,392275
751,104,7302,0.017587185,0.022335403,115,3,426390,335744,7499
1275,105,7302,0.062421727,0.03887142,115,3,426390,1177920,26616
1078,103,7303,0.995120997,0.341380313,118,3,92027,268257,91578
1257,107,7303,0.004879003,0.002451315,118,3,92027,183168,449
784,101,7304,0.54980654,0.065331927,113,3,92267,1423408,50729
1328,104,7304,0.45019346,0.123718894,113,3,92267,335744,41538
372,104,7305,0.740100905,0.195737837,114,3,88796,335744,65718
1030,101,7305,0.259910356,0.029722556,114,3,88796,1423408,23079
109,107,7306,0.448685093,0.204551038,144,3,83504,183168,37467
341,103,7306,0.551314907,0.17161464,144,3,83504,268257,46037
1052,104,7307,1,0.25510432,116,3,85650,335744,85650
61,104,7308,1,0.313523656,117,3,105264,335744,105264
892,109,7309,1,0.238234496,138,3,59713,250647,59713
22,103,7311,0.110945934,0.02865525,148,3,69286,268257,7687
1206,109,7311,0.889054066,0.245758993,148,3,69286,250647,61599
809,103,7312,0.262242392,0.08637953,145,3,88361,268257,23172
1025,108,7312,0.737734974,0.288346191,145,3,88361,226073,65187
1077,109,7312,2.26344E-05,7.98E-06,145,3,88361,250647,2
556,108,7313,0.406988848,0.145281149,146,3,80700,226073,32844
776,107,7313,0.401387856,0.176844082,146,3,80700,183168,32392
1149,103,7313,0.191623296,0.057645998,146,3,80700,268257,15464
1125,107,7314,1,0.335213221,147,3,61400,183168,61400
91,106,7315,0.999968624,0.340456784,140,3,63743,187223,63741
917,104,7315,4.7064E-05,8.94E-06,140,3,63743,335744,3
814,106,7316,1,0.299788486,139,3,56127,187223,56127
164,104,7317,0.081900602,0.089570954,141,3,367189,335744,30073
522,106,7317,0.083567318,0.163896337,141,3,367189,187223,30685
846,105,7317,0.83453208,0.44752811,141,3,367189,1177920,306431
678,109,7318,0.941567003,0.242172289,156,3,64467,250647,60700
1099,108,7318,0,0,156,3,64467,226073,0
1160,110,7318,0.058432997,0.015749908,156,3,64467,239177,3767
258,131.01,7319,0.004976852,0.00298209,137,3,103680,173032,516
616,110,7319,0.989467593,0.428922634,137,3,103680,239177,102588
1280,108,7319,0,0,137,3,103680,226073,0
1300,109,7319,0.00554591,0.002294054,137,3,103680,250647,575
51,107,7321,0.291555273,0.075018972,153,3,47130,183168,13741
585,108,7321,0.555039253,0.115710924,153,3,47130,226073,26159
753,113,7321,0.153384256,0.070666093,153,3,47130,102299,7229
48,107,7322,0.568795995,0.205921372,150,3,66312,183168,37718
765,113,7322,0.218542647,0.141664549,150,3,66312,102299,14492
1377,611,7322,0.212661358,0.058791649,150,3,66312,239864,14102
277,111,7323,0.204997871,0.062346723,135,3,75152,247101,15406
423,110,7323,0.794988823,0.24979513,135,3,75152,239177,59745
1324,110,7324,1,0.183287621,136,3,43838,239177,43838
497,108,7325,1,0.258187657,152,3,58369,226073,58369
200,113,7326,0.333716123,0.213054019,151,3,65310,102299,21795
886,108,7326,0.666253254,0.192474079,151,3,65310,226073,43513
908,112,7326,1.53116E-05,5.64E-06,151,3,65310,177416,1
135,113,7327,0.506646663,0.283896068,132,3,57322,102299,29042
512,611,7327,0.493353337,0.117900143,132,3,57322,239864,28280
47,611,7328,0.656219973,0.341668612,149,3,124888,239864,81954
328,117,7328,0.123350522,0.027920203,149,3,124888,551750,15405
1169,118,7328,0.220437512,0.486696721,149,3,124888,56564,27530
356,615,7329,0.00044787,9.45E-05,142,3,352781,2112052,158
358,106,7329,0.103942673,0.195858393,142,3,352781,187223,36669
679,117,7329,0.442492651,0.282922913,142,3,352781,551750,156103
705,105,7329,0.125636018,0.064730203,142,3,352781,1177920,44322
1081,611,7329,0.327477954,0.481639596,142,3,352781,239864,115528
127,615,7331,0.00055563,0.00011606,143,3,349153,2112052,194
586,105,7331,0.880227293,0.448846899,143,3,349153,1177920,307334
858,117,7331,0.119219941,0.075443452,143,3,349153,551750,41626
102,111,7332,1,0.309977256,130,3,76596,247101,76596
541,111,7333,0.275260535,0.059003974,134,3,52968,247101,14580
659,112,7333,0.178145295,0.053186033,134,3,52968,177416,9436
1404,110,7333,0.54659417,0.121048935,134,3,52968,239177,28952
45,111,7334,1,0.18759055,129,3,46354,247101,46354
385,111,7335,0.294387982,0.058846145,133,3,49394,247101,14541
957,112,7335,0.705591772,0.196443367,133,3,49394,177416,34852
424,119.01,7336,0.207779023,0.252973754,155,3,75845,62295,15759
435,112,7336,0.584890237,0.250040865,155,3,75845,177416,44361
841,119.02,7336,0.20733074,0.168989716,155,3,75845,93054,15725
36,112,7337,0.791033204,0.500324099,154,3,112214,177416,88765
835,119.02,7337,0.208957884,0.251985428,154,3,112214,93054,23448
11,118,7338,0.494002552,0.513303279,131,3,58775,56564,29035
1222,113,7338,0.505997448,0.290719271,131,3,58775,102299,29740
115,111,7339,0.29779844,0.089173702,125,3,73993,247101,22035
227,122.02,7339,0.097265958,0.077536333,125,3,73993,92822,7197
479,151,7339,0.000932521,0.000396873,125,3,73993,173860,69
547,120,7339,0.604003081,0.356882192,125,3,73993,125229,44692
635,111,7341,0.713007994,0.15485508,126,3,53667,247101,38265
1350,120,7341,0.286992006,0.122990681,126,3,53667,125229,15402
79,121,7342,0,0,128,3,46493,123395,0
433,119.01,7342,0.668444712,0.498884341,128,3,46493,62295,31078
590,111,7342,0.331555288,0.062383145,128,3,46493,247101,15415
233,111,7343,0.000130196,1.62E-05,127,3,30723,247101,4
713,119.01,7343,3.25489E-05,1.61E-05,127,3,30723,62295,1
887,121,7343,0.49985353,0.124454998,127,3,30723,123395,15357
1270,120,7343,0.499983726,0.122663281,127,3,30723,125229,15361
150,121,7344,0.667140427,0.251065692,122,3,46437,123395,30980
1127,119.01,7344,0.332859573,0.248125853,122,3,46437,62295,15457
74,119.02,7345,0.666044695,0.329898015,121,3,46090,93054,30698
779,121,7345,0.333955305,0.124738642,121,3,46090,123395,15392
673,120,7346,1,0.367750281,124,3,46053,125229,46053
100,123.02,7347,0.66699855,0.332599404,123,3,46201,92652,30816
493,122.01,7347,2.16446E-05,1.09E-05,123,3,46201,92049,1
973,121,7347,0.33300145,0.124681913,123,3,46201,123395,15385
180,123.02,7348,0.107084484,0.332351164,120,3,287558,92652,30793
221,125.01,7348,0.063312445,0.13460401,120,3,287558,135256,18206
235,119.02,7348,0.029705312,0.091797148,120,3,287558,93054,8542
517,615,7348,0.00998755,0.001718173,120,3,287558,2112052,2872
604,123.01,7348,0.136654171,0.426467556,120,3,287558,92143,39296
624,176.01,7348,0.004861628,0.002206227,120,3,287558,633559,1398
643,117,7348,0.487452966,0.254047569,120,3,287558,551750,140171
1313,121,7348,0.160941445,0.375058755,120,3,287558,123395,46280
413,615,7349,0.007568313,0.000972156,119,3,214711,2112052,1625
537,117,7349,0.924247011,0.359665864,119,3,214711,551750,198446
881,119.02,7349,0.068184676,0.157329694,119,3,214711,93054,14640
521,152,7501,1,0.219691543,214,5,61337,279196,61337
32,152,7502,0.999989266,0.333661657,213,5,93158,279196,93157
231,155,7502,1.07345E-05,3.20E-06,213,5,93158,312147,1
350,152,7503,1,0.22077322,210,5,61639,279196,61639
313,155,7504,0.997378851,0.35229781,212,5,110257,312147,109968
606,159,7504,0.002612079,0.000974362,212,5,110257,295578,288
980,152,7504,9.06972E-06,3.58E-06,212,5,110257,279196,1
224,151,7505,3.63214E-05,1.15E-05,211,5,55064,173860,2
597,159,7505,0.003196281,0.000595444,211,5,55064,295578,176
1347,155,7505,0.996767398,0.175834949,211,5,55064,312147,54886
719,159,7506,1,0.3333198,243,5,98522,295578,98522
1047,161,7506,0,0,243,5,98522,368900,0
850,161,7507,0.238097452,0.083304644,249,5,129069,368900,30731
914,159,7507,0.760895335,0.332257475,249,5,129069,295578,98208
1143,155,7507,0.001007213,0.000416473,249,5,129069,312147,130
654,155,7508,0.001134837,0.000470935,242,5,129534,312147,147
813,159,7508,0.759522596,0.332852919,242,5,129534,295578,98384
919,161,7508,0.239342566,0.084041974,242,5,129534,368900,31003
409,120,7509,0,0,247,5,48314,125229,0
443,159,7509,0,0,247,5,48314,295578,0
539,160,7509,0.162913441,0.049966989,247,5,48314,157524,7871
658,122.02,7509,0.02655545,0.013822303,247,5,48314,92822,1283
1201,151,7509,0.810489713,0.22522849,247,5,48314,173860,39158
76,151,7511,1.094E-05,5.75E-06,246,5,91408,173860,1
186,122.02,7511,0.01406879,0.013854623,246,5,91408,92822,1286
229,160,7511,0.983797917,0.570878088,246,5,91408,157524,89927
1301,124.02,7511,0.002133292,0.000544658,246,5,91408,358023,195
1197,161,7512,1,0.083353438,238,5,30749,368900,30749
987,161,7513,1,0.208596391,239,5,76951,368900,76951
795,163,7514,0.155656399,0.069058223,240,5,109080,245865,16979
1238,161,7514,0.844343601,0.249664542,240,5,109080,368900,92101
508,162,7515,0.25141917,0.112969747,276,5,122783,273259,30870
1345,161,7515,0.748572685,0.249152207,276,5,122783,368900,91912
300,160,7516,0.496575542,0.378805769,241,5,120165,157524,59671
965,162,7516,0.498048517,0.219015659,241,5,120165,273259,59848
1325,124.02,7516,0.005375941,0.001804353,241,5,120165,358023,646
564,165,7517,1,0.209013484,234,5,77428,370445,77428
117,157,7518,1.09164E-05,1.20E-06,233,5,91605,836674,1
1039,165,7518,0.999989084,0.247280973,233,5,91605,370445,91604
1018,165,7519,1,0.165768198,235,5,61408,370445,61408
15,165,7521,1,0.211108262,232,5,78204,370445,78204
155,163,7522,0.123756189,0.062017774,236,5,123210,245865,15248
453,164,7522,0.876243811,0.349280811,236,5,123210,309099,107962
226,164,7523,1,0.202828876,250,5,62694,309099,62694
214,161,7524,0.250762739,0.041886804,237,5,61620,368900,15452
1135,163,7524,0.749237261,0.187777846,237,5,61620,245865,46168
620,163,7525,1,0.307323124,248,5,75560,245865,75560
488,162,7526,0.999094769,0.444289118,275,5,121516,273259,121406
778,124.02,7526,0.000897001,0.00030445,275,5,121516,358023,109
638,9803,7527,1,0.027232792,228,5,121568,4751415,121568
859,164,7528,0.798198812,0.196989304,231,5,76283,309099,60889
933,165,7528,0.201801188,0.041555427,231,5,76283,370445,15394
182,167,7529,5.15796E-05,8.15E-06,251,5,77550,490695,4
412,164,7529,0.99994842,0.250878362,251,5,77550,309099,77546
323,163,7531,1,0.24925874,230,5,61284,245865,61284
346,163,7532,0.500130642,0.124564293,274,5,61236,245865,30626
1383,162,7532,0.499853028,0.112014609,274,5,61236,273259,30609
82,166,7533,1,0.257127704,227,5,88238,343168,88238
1098,166,7534,1,0.222829635,264,5,76468,343168,76468
1006,166,7535,1,0.180153744,229,5,61823,343168,61823
14,166,7536,0.428786716,0.089545062,265,5,71665,343168,30729
287,167,7536,0.571213284,0.083424701,265,5,71665,490695,40936
857,167,7537,0.999967462,0.125259327,266,5,61466,490695,61464
990,164,7537,1.62692E-05,3.24E-06,266,5,61466,309099,1
906,167,7538,1,0.127908636,268,5,62764,490695,62764
86,167,7539,1,0.124902689,267,5,61289,490695,61289
487,168.01,7541,1,0.272091607,269,5,61638,226534,61638
170,168.01,7542,0.499959232,0.135339508,270,5,61323,226534,30659
1401,168.02,7542,0.500024461,0.142444359,270,5,61323,215264,30663
876,168.01,7543,0.600075455,0.203616234,271,5,76867,226534,46126
909,168.02,7543,0.399924545,0.142806706,271,5,76867,215264,30741
154,168.02,7544,0.998501893,0.340588025,273,5,73426,215264,73316
775,202,7544,0.001498107,0.000325111,273,5,73426,338347,110
103,124.02,7545,8.05875E-05,2.23E-05,272,5,99271,358023,8
166,201,7545,0.002679534,0.00059681,272,5,99271,445702,266
516,168.02,7545,0.696306071,0.321109527,272,5,99271,215264,69123
962,162,7545,0.300933808,0.109324853,272,5,99271,273259,29874
732,171.02,7546,1,0.313698096,226,5,92508,294894,92508
78,171.01,7547,0.378833597,0.097751966,262,5,80864,313383,30634
1083,166,7547,0.621166403,0.146371457,262,5,80864,343168,50230
40,166,7548,0.372738289,0.103972398,263,5,95724,343168,35680
1170,171.01,7548,0.627261711,0.191598194,263,5,95724,313383,60044
921,301.02,7549,0,0,220,5,80961,1275079,0
956,301.01,7549,1,0.233698194,220,5,80961,346434,80961
1004,171.02,7551,1,0.245728141,225,5,72464,294894,72464
399,171.02,7552,0.267879162,0.067776666,224,5,74612,294894,19987
595,171.01,7552,0.732120839,0.174306364,224,5,74612,313383,54625
727,301.02,7553,1,0.032640305,208,5,41619,1275079,41619
269,301.01,7554,0.060412659,0.04423642,245,5,253672,346434,15325
1327,301.02,7554,0.939591283,0.186927879,245,5,253672,1275079,238348
855,171.02,7555,1,0.372797097,223,5,109936,294894,109936
353,171.01,7556,0.425381379,0.167101169,222,5,123106,313383,52367
1044,301.02,7556,0.574618621,0.055478088,222,5,123106,1275079,70739
1241,301.02,7557,1,0.044013709,221,5,56121,1275079,56121
960,122.02,7601,0.998981895,0.486269271,299,6,45182,92822,45136
1416,151,7601,0.000995972,0.00025883,299,6,45182,173860,45
787,122.01,7602,1,0.499560017,300,6,45984,92049,45984
1272,122.01,7603,1,0.33470217,277,6,30809,92049,30809
915,123.01,7604,0.498285345,0.167153229,279,6,30910,92143,15402
1162,123.02,7604,0.501714656,0.16737901,279,6,30910,92652,15508
41,123.02,7605,0.505400482,0.167670423,280,6,30738,92652,15535
1043,123.01,7605,0.494632052,0.165004395,280,6,30738,92143,15204
496,124.01,7606,0.222825136,0.166094029,301,6,68556,91972,15276
1103,124.02,7606,0.224079585,0.042907858,301,6,68556,358023,15362
1207,122.02,7606,0.553080693,0.408495922,301,6,68556,92822,37917
974,122.01,7607,0.498317708,0.16572695,278,6,30613,92049,15255
1400,124.01,7607,0.501682292,0.166985604,278,6,30613,91972,15358
898,125.02,7608,1,0.249367605,283,6,15280,61275,15280
799,125.01,7609,3.26052E-05,7.39E-06,281,6,30670,135256,1
829,125.02,7609,0.999967395,0.500514076,281,6,30670,61275,30669
220,176.01,7611,0.000477267,5.37E-05,296,6,71239,633559,34
674,123.01,7611,0.312202586,0.24137482,296,6,71239,92143,22241
971,125.01,7611,0.68730611,0.362002425,296,6,71239,135256,48963
843,122.02,7612,3.54214E-05,2.15E-05,284,6,56463,92822,2
1029,124.02,7612,0.998990489,0.157548537,284,6,56463,358023,56406
1063,160,7612,0.000974089,0.000349153,284,6,56463,157524,55
230,124.02,7613,0.670856237,0.17487424,304,6,93327,358023,62609
1264,124.01,7613,0.329143763,0.333992954,304,6,93327,91972,30718
254,124.01,7614,0.665536428,0.332927413,303,6,46008,91972,30620
1253,124.02,7614,0.334463572,0.042980479,303,6,46008,358023,15388
340,125.02,7615,0.49967397,0.250118319,282,6,30672,61275,15326
1144,125.01,7615,0.50032603,0.113458922,282,6,30672,135256,15346
263,176.01,7616,0.019229453,0.00088691,615,6,29226,633559,562
429,177,7616,0.006637925,0.000214641,615,6,29226,903834,194
471,162,7616,0.021385068,0.002287207,615,6,29226,273259,625
670,201,7616,0.00369534,0.000242314,615,6,29226,445702,108
930,168.02,7616,0.001950318,0.000264792,615,6,29226,215264,57
1289,124.02,7616,0.947136112,0.077316262,615,6,29226,358023,27681
73,176.01,7617,0.000628629,0.000119938,302,6,120898,633559,76
663,124.02,7617,0.563135867,0.190160967,302,6,120898,358023,68082
1351,125.01,7617,0.436235504,0.389927249,302,6,120898,135256,52740
138,201,7618,0.946622272,0.348916207,288,6,164282,445702,155513
1023,202,7618,0.048416747,0.023508479,288,6,164282,338347,7954
1233,177,7618,0.002215702,0.000402729,288,6,164282,903834,364
1288,168.02,7618,0.002745279,0.002095112,288,6,164282,215264,451
219,177,7619,0.592882179,0.094885787,289,6,144651,903834,85761
491,176.01,7619,0.000124437,2.84E-05,289,6,144651,633559,18
599,176.01,7619,0.406571679,0.092811456,289,6,144651,633559,58811
763,201,7619,0.000414791,0.000134619,289,6,144651,445702,60
742,176.01,7621,0.99556679,0.121205187,290,6,77145,633559,76803
1338,176.01,7621,0.00443321,0.000539721,290,6,77145,633559,342
1420,176.01,7622,1,0.096728377,312,6,61293,633559,61293
901,176.01,7623,0.995739008,0.126125799,313,6,80263,633559,79921
1251,176.01,7623,0.004260992,0.000539721,313,6,80263,633559,342
290,176.01,7624,0.856427118,0.17264752,314,6,127740,633559,109400
535,178.02,7624,0.143572882,0.035950986,314,6,127740,510137,18340
306,178.01,7625,0.304279575,0.500766162,319,6,352278,214053,107191
559,615,7625,0.386808146,0.081519889,319,6,352278,2112052,136264
717,176.01,7625,0.308909441,0.17173536,319,6,352278,633559,108822
854,178.02,7625,2.83867E-06,1.96E-06,319,6,352278,510137,1
827,615,7626,1,0.094945209,317,6,158705,2112052,158705
470,105,7627,8.363E-05,2.34E-05,607,6,191319,1177920,16
937,615,7627,0.99991637,0.114446951,607,6,191319,2112052,191303
225,201,7628,7.56327E-05,4.26E-05,310,6,251214,445702,19
268,178.02,7628,7.96134E-06,3.92E-06,310,6,251214,510137,2
601,178.02,7628,0.492138177,0.242349634,310,6,251214,510137,123632
943,177,7628,0.507778229,0.141133217,310,6,251214,903834,127561
359,178.02,7629,1,0.220875095,311,6,112677,510137,112677
711,178.02,7631,0.810397277,0.158227463,315,6,99603,510137,80718
896,178.01,7631,0.189602723,0.088225401,315,6,99603,214053,18885
243,178.02,7632,0.223695998,0.20900186,309,6,476629,510137,106620
419,177,7632,0.043654499,0.02302082,309,6,476629,903834,20807
1267,180,7632,0.732649503,0.372672146,309,6,476629,937022,349202
746,178.01,7633,0.190857421,0.161267717,316,6,180868,214053,34520
884,180,7633,0.432370569,0.083458019,316,6,180868,937022,78202
1171,178.02,7633,0.376777539,0.13358516,316,6,180868,510137,68147
184,615,7634,0.249371881,0.017100966,318,6,114628,2112052,28585
318,180,7634,0.284267369,0.034775064,318,6,114628,937022,32585
1180,178.01,7634,0.46636075,0.24974072,318,6,114628,214053,53458
870,180,7635,0.607824855,0.237242029,291,6,365732,937022,222301
1111,607,7635,0.39217241,0.065669469,291,6,365732,2926381,143430
147,615,7636,0.104957787,0.014101342,308,6,224576,2112052,23571
342,180,7636,0.895042213,0.214514707,308,6,224576,937022,201005
1182,615,7637,1,0.018549328,608,6,31006,2112052,31006
863,615,7638,1,0.039263124,613,6,65630,2112052,65630
23,607,7639,0.352269845,0.026710071,286,6,165606,2926381,58338
108,180,7639,0.324426651,0.057338035,286,6,165606,937022,53727
1353,615,7639,0.323297465,0.032030286,286,6,165606,2112052,53540
425,615,7641,0.727914654,0.056984475,292,6,130856,2112052,95252
1271,607,7641,0.272085346,0.016301302,292,6,130856,2926381,35604
569,615,7642,1,0.132748604,295,6,221895,2112052,221895
1224,607,7643,1,0.060489808,293,6,132117,2926381,132117
1321,607,7644,1,0.050676245,287,6,110683,2926381,110683
114,607,7645,0.817318219,0.078272256,294,6,209167,2926381,170956
384,615,7645,0.182681781,0.022859717,294,6,209167,2112052,38211
133,607,7646,0.895706184,0.2695177,285,6,657201,2926381,588659
418,226,7646,4.41265E-05,2.15E-05,285,6,657201,1858319,29
851,607,7646,0.000130858,3.94E-05,285,6,657201,2926381,86
923,607,7646,9.89043E-05,2.98E-05,285,6,657201,2926381,65
1104,226,7646,0.104019927,0.050569968,285,6,657201,1858319,68362
366,179.02,7647,1,0.572418995,298,6,1701579,126558522,1701579
750,179.02,7648,1,0.328605727,297,6,976817,126558522,976817
327,178.02,7649,1.4754E-05,3.92E-06,606,6,135556,510137,2
392,176.01,7649,0.999136888,0.21374047,606,6,135556,633559,135439
573,176.01,7649,0.000132786,2.84E-05,606,6,135556,633559,18
1137,124.02,7649,0.000722948,0.000273725,606,6,135556,358023,98
557,615,7651,4.69814E-05,7.78E-06,306,6,276705,2112052,13
1086,615,7651,0.999953019,0.16553089,306,6,276705,2112052,276692
110,615,7652,1,0.078098499,307,6,130545,2112052,130545
791,607,7653,0,0,612,6,179167,2926381,0
868,607,7653,0.99963721,0.082001905,612,6,179167,2926381,179102
1003,607,7653,0.00036279,2.98E-05,612,6,179167,2926381,65
320,176.01,7654,0.003415349,0.000602846,305,6,111848,633559,382
1295,124.02,7654,0.996343252,0.311262126,305,6,111848,358023,111439
1421,162,7654,0.000241399,9.88E-05,305,6,111848,273259,27
81,615,7655,0.000111319,7.78E-06,614,6,116781,2112052,13
686,615,7655,0.999905807,0.069857611,614,6,116781,2112052,116770
542,615,7656,1,0.059046641,320,6,98699,2112052,98699
52,607,7657,0.000227615,3.94E-05,609,6,377831,2926381,86
992,226,7657,0.191289227,0.053464563,609,6,377831,1858319,72275
1051,226,7657,7.67539E-05,2.15E-05,609,6,377831,1858319,29
1070,607,7657,0,0,609,6,377831,2926381,0
1424,607,7657,0.808403757,0.139845796,609,6,377831,2926381,305440
129,303.01,7701,3.48345E-06,1.33E-06,381,7,287072,752523,1
955,304,7701,0.002811141,0.000828997,381,7,287072,973464,807
978,301.02,7701,0.997185375,0.224506698,381,7,287072,1275079,286264
918,301.02,7702,0.999985436,0.430799636,382,7,549312,1275079,549304
950,304,7702,1.09228E-05,6.16E-06,382,7,549312,973464,6
1343,305,7702,3.64092E-06,1.78E-06,382,7,549312,1123452,2
123,306,7703,0.001033379,0.000644138,346,7,325147,521628,336
519,305,7703,0.994734689,0.287894176,346,7,325147,1123452,323435
600,217,7703,0.000319855,8.46E-05,346,7,325147,1229615,104
976,301.02,7703,4.92085E-05,1.25E-05,346,7,325147,1275079,16
1109,304,7703,0.003862868,0.001290236,346,7,325147,973464,1256
195,217,7704,0.000109242,3.33E-05,352,7,375315,1229615,41
1001,305,7704,0.999890758,0.33403682,352,7,375315,1123452,375274
343,305,7705,0.999997644,0.377781496,383,7,424420,1123452,424419
708,301.02,7705,0,0,383,7,424420,1275079,0
1426,307,7706,1,0.278576271,335,7,401500,1441257,401500
324,217,7707,0.00013306,2.68E-05,336,7,248008,1229615,33
632,307,7707,0.999862908,0.172053978,336,7,248008,1441257,247974
738,307,7708,0.999876598,0.157412592,332,7,226900,1441257,226872
1242,217,7708,0.000118995,2.20E-05,332,7,226900,1229615,27
749,310,7709,0,0,331,7,66109,819579,0
1229,311,7709,1,0.061301151,331,7,66109,1078429,66109
567,307,7711,0.43971041,0.045090501,368,7,147795,1441257,64987
1218,217,7711,2.02984E-05,2.44E-06,368,7,147795,1229615,3
1374,311,7711,0.560269292,0.076782916,368,7,147795,1078429,82805
772,311,7712,1,0.085331454,330,7,92024,1078429,92024
191,170,7801,0.60637633,0.169436695,438,8,131204,469550,79559
309,171.01,7801,0.393631292,0.164800485,438,8,131204,313383,51646
244,170,7802,0.146913343,0.084508572,416,8,270098,469550,39681
527,167,7802,0.615880162,0.339005572,416,8,270098,490695,166348
998,171.01,7802,0.237206495,0.204441821,416,8,270098,313383,64069
1069,170,7803,1,0.431772974,415,8,202739,469550,202739
72,167,7804,0.261772044,0.060294196,414,8,113022,490695,29586
468,170,7804,0.738236804,0.177695666,414,8,113022,469550,83437
217,167,7805,0.009014157,0.002282482,413,8,124249,490695,1120
804,169,7805,0.986671925,0.415785136,413,8,124249,294846,122593
878,170,7805,0,0,413,8,124249,469550,0
1177,203,7805,0.00430587,0.00187095,413,8,124249,285952,535
408,167,7806,0.78184315,0.136914248,412,8,85929,490695,67183
1038,169,7806,0.21815685,0.063578737,412,8,85929,294846,18746
1017,203,7807,0.008328531,0.002122741,386,8,72882,285952,607
1234,169,7807,0.991671469,0.245127134,386,8,72882,294846,72275
682,169,7808,1,0.191987709,385,8,56607,294846,56607
171,168.02,7809,2.46917E-05,9.29E-06,384,8,80999,215264,2
500,168.01,7809,0.70762602,0.253017207,384,8,80999,226534,57317
589,169,7809,0.288176397,0.079166483,384,8,80999,294846,23342
1352,202,7809,0.004172891,0.000998977,384,8,80999,338347,338
1310,202,7811,1,0.20971136,387,8,70955,338347,70955
685,203,7812,0.23822051,0.053201423,388,8,63861,285952,15213
1302,202,7812,0.761763831,0.143778854,388,8,63861,338347,48647
1009,203,7813,0.601045886,0.180069313,389,8,85669,285952,51491
1191,169,7813,0.005334485,0.001549956,389,8,85669,294846,457
1240,202,7813,0.393619629,0.099664249,389,8,85669,338347,33721
1412,202,7814,1,0.211632471,449,8,71605,338347,71605
311,170,7815,1.3306E-05,4.26E-06,436,8,150308,469550,2
788,204.01,7815,0.782639647,0.359506506,436,8,150308,327218,117637
1246,301.02,7815,0.217347047,0.025621137,436,8,150308,1275079,32669
53,169,7816,0,0,437,8,89778,294846,0
587,205,7816,0.220655394,0.071543106,437,8,89778,276897,19810
927,204.01,7816,0.06500479,0.017835205,437,8,89778,327218,5836
968,170,7816,0.714339816,0.136581834,437,8,89778,469550,64132
627,169,7817,0.009116464,0.002804845,418,8,90715,294846,827
737,203,7817,0.99089456,0.31435106,418,8,90715,285952,89889
920,203,7818,1,0.370427101,417,8,105924,285952,105924
1094,202,7819,0.932458169,0.202588475,452,8,73510,338347,68545
1411,203,7819,0.067541831,0.017363115,452,8,73510,285952,4965
315,204.02,7821,0.108961751,0.022204672,397,8,120501,591317,13130
783,204.01,7821,0.751769695,0.276846017,397,8,120501,327218,90589
1390,205,7821,0.139268554,0.060607593,397,8,120501,276897,16782
325,204.01,7822,0.077833622,0.025982678,396,8,109233,327218,8502
506,205,7822,0.922166378,0.363786404,396,8,109233,276897,100731
819,206,7823,1,0.184179355,394,8,104489,567324,104489
514,206,7824,1,0.12537677,393,8,71129,567324,71129
698,206,7825,0.745651249,0.089536454,392,8,68123,567324,50796
1235,203,7825,0.254348752,0.060594298,392,8,68123,285952,17327
88,203,7826,0,0,447,8,54149,285952,0
466,207,7826,0.903857874,0.141003443,447,8,54149,347104,48943
1072,206,7826,0.096068256,0.009169396,447,8,54149,567324,5202
1398,202,7826,7.38702E-05,1.18E-05,447,8,54149,338347,4
902,202,7827,0.501713999,0.10641178,448,8,71762,338347,36004
1037,207,7827,0.498286001,0.103017819,448,8,71762,347104,35758
56,204.01,7828,0.520142376,0.250090154,435,8,157330,327218,81834
132,204.02,7828,0.479857624,0.127674327,435,8,157330,591317,75496
498,212,7829,0.061161145,0.02547196,423,8,144013,345792,8808
529,204.02,7829,0.780380938,0.190058801,423,8,144013,591317,112385
1337,204.01,7829,0.158457917,0.06973944,423,8,144013,327218,22820
365,205,7831,0.829984032,0.30786288,421,8,102708,276897,85246
882,206,7831,0.170015968,0.030779698,421,8,102708,567324,17462
1402,206,7832,1,0.308798178,395,8,175188,567324,175188
85,211,7833,0,0,451,8,75298,424228,0
304,206,7833,0.065831762,0.008737542,451,8,75298,567324,4957
1123,207,7833,0.934154958,0.202647614,451,8,75298,347104,70340
730,207,7834,1,0.22177151,419,8,76978,347104,76978
215,216,7835,0.008738719,0.003983824,410,8,272580,597918,2382
844,217,7835,0.016857436,0.003736945,410,8,272580,1229615,4595
1033,305,7835,6.97043E-05,1.69E-05,410,8,272580,1123452,19
1292,204.02,7835,0.97433414,0.449139802,410,8,272580,591317,265584
967,213,7836,0.044788854,0.018318665,434,8,127755,312358,5722
1022,212,7836,0.018073657,0.006677425,434,8,127755,345792,2309
1203,204.02,7836,0.93713749,0.20247008,434,8,127755,591317,119724
1340,216,7836,0,0,434,8,127755,597918,0
161,212,7837,0.624399235,0.28215806,398,8,156259,345792,97568
864,204.02,7837,0.030315054,0.008010932,398,8,156259,591317,4737
1311,213,7837,0.345285712,0.172730736,398,8,156259,312358,53954
639,212,7838,0.64730743,0.288346752,422,8,154035,345792,99708
728,205,7838,0.35269257,0.196200017,422,8,154035,276897,54327
437,211,7839,0.337334803,0.124067718,400,8,156026,424228,52633
793,206,7839,0.662658788,0.182245709,400,8,156026,567324,103392
802,206,7841,0.280744186,0.061176898,424,8,123625,567324,34707
940,207,7841,0.138717897,0.049405799,424,8,123625,347104,17149
1187,211,7841,0.580529828,0.16917318,424,8,123625,424228,71768
1414,210,7841,1.6178E-05,6.39E-06,424,8,123625,313015,2
1119,210,7842,0.758739347,0.226119432,446,8,93285,313015,70779
1261,207,7842,0.193557378,0.052018842,446,8,93285,347104,18056
1344,211,7842,0.047703275,0.010489642,446,8,93285,424228,4450
837,207,7843,1,0.180593768,390,8,62685,347104,62685
975,210,7844,0.729635395,0.148257597,391,8,63603,313015,46407
1073,207,7844,0.270364605,0.049541205,391,8,63603,347104,17196
278,213,7845,0.772802218,0.367631475,399,8,148593,312358,114833
1120,212,7845,0.227191052,0.097628054,399,8,148593,345792,33759
228,212,7846,0.624516934,0.24909194,440,8,137921,345792,86134
875,213,7846,0.375483066,0.165793206,440,8,137921,312358,51787
19,211,7847,0.712110284,0.204809678,439,8,122012,424228,86886
726,214,7847,0.144412025,0.049869242,439,8,122012,353324,17620
1026,212,7847,0.143477691,0.05062581,439,8,122012,345792,17506
675,211,7848,1,0.309625956,401,8,131352,424228,131352
576,211,7849,0.577250655,0.141230659,450,8,103792,424228,59914
709,214,7849,0.422749345,0.124186299,450,8,103792,353324,43878
90,217,7851,0.741350196,0.257428754,409,8,426975,1229615,316538
333,306,7851,0.00113824,0.0009317,409,8,426975,521628,486
897,204.02,7851,0.000611277,0.000441388,409,8,426975,591317,261
1364,216,7851,0.256900287,0.183453249,409,8,426975,597918,109690
1258,216,7852,0.999993257,0.248030666,411,8,148303,597918,148302
1397,217,7852,1.34859E-05,1.63E-06,411,8,148303,1229615,2
833,213,7853,0.208572713,0.108439328,402,8,162399,312358,33872
836,217,7853,0.00063424,8.38E-05,402,8,162399,1229615,103
1236,216,7853,0.790799204,0.214786977,402,8,162399,597918,128425
434,213,7854,0.376438937,0.167086589,441,8,138644,312358,52191
789,216,7854,0.12129627,0.02812593,441,8,138644,597918,16817
981,214,7854,0.502272006,0.197091055,441,8,138644,353324,69637
655,214,7855,0.868606736,0.322282098,444,8,131095,353324,113870
731,211,7855,0.131393264,0.040603166,444,8,131095,424228,17225
8,210,7856,0.000913397,0.000309888,425,8,106197,313015,97
18,214,7856,0.654434683,0.196700479,425,8,106197,353324,69499
107,215,7856,0.344661337,0.073902377,425,8,106197,495276,36602
289,253,7857,0.000217115,7.31E-05,445,8,128964,383006,28
400,215,7857,1.55082E-05,4.04E-06,445,8,128964,495276,2
442,210,7857,0.968371018,0.398973215,445,8,128964,313015,124885
691,214,7857,0.031396359,0.011459737,445,8,128964,353324,4049
781,211,7857,0,0,445,8,128964,424228,0
1138,210,7858,1,0.225966085,420,8,70731,313015,70731
112,217,7859,0.055285108,0.007508861,427,8,167007,1229615,9233
1102,216,7859,0.944714892,0.263872304,427,8,167007,597918,157774
236,216,7861,0.248018397,0.057721962,426,8,139155,597918,34513
623,215,7861,0.751981603,0.211280602,426,8,139155,495276,104642
139,215,7862,0.714903003,0.176045631,428,8,121962,495276,87191
1378,214,7862,0.285096997,0.09841109,428,8,121962,353324,34771
270,253,7863,0.233320944,0.065559988,431,8,107620,383006,25110
578,215,7863,0.766679056,0.166594316,431,8,107620,495276,82510
1053,215,7864,1,0.24632376,429,8,121998,495276,121998
618,218,7865,0.546962961,0.13289763,430,8,121681,500801,66555
812,253,7865,0.013724411,0.004360222,430,8,121681,383006,1670
818,215,7865,0.439312629,0.107931957,430,8,121681,495276,53456
1007,254.01,7865,0,0,430,8,121681,375929,0
12,217,7866,0.998184778,0.338091466,453,8,416478,1229615,415722
1359,307,7866,0.001815222,0.000524542,453,8,416478,1441257,756
1194,217,7867,1,0.147336481,407,8,181167,1229615,181167
880,217,7868,0.999937291,0.194520394,408,8,239200,1229615,239185
1315,216,7868,6.2709E-05,2.51E-05,408,8,239200,597918,15
665,218,7869,0.841931267,0.243079559,403,8,144589,500801,121734
888,217,7869,0.158068733,0.018587134,403,8,144589,1229615,22855
207,307,7871,0.28715683,0.042165277,406,8,211630,1441257,60771
319,311,7871,0.51409063,0.100884619,406,8,211630,1078429,108797
610,218,7871,0.000113405,4.79E-05,406,8,211630,500801,24
617,217,7871,0.187908142,0.032341044,406,8,211630,1229615,39767
1141,255,7871,0.010726268,0.00210856,406,8,211630,1076563,2270
1075,311,7872,0.002406776,0.00036071,442,8,161627,1078429,389
1159,218,7872,0.997593224,0.321961505,442,8,161627,500801,161238
660,254.01,7873,0.051939679,0.022501589,443,8,162862,375929,8459
1185,254.03,7873,0.025064165,0.007902277,443,8,162862,516561,4082
1200,218,7873,0.922996156,0.300162341,443,8,162862,500801,150321
83,255,7874,0.958149186,0.108946612,405,8,122411,1076563,117288
460,218,7874,0.007572849,0.001851042,405,8,122411,500801,927
1186,311,7874,0.034277965,0.003890841,405,8,122411,1078429,4196
362,254.03,7875,0.502435533,0.091054282,433,8,93614,516561,47035
465,255,7875,0.101619416,0.008836446,433,8,93614,1076563,9513
1085,253,7875,2.13643E-05,5.22E-06,433,8,93614,383006,2
1225,254.01,7875,0.395923687,0.098593085,433,8,93614,375929,37064
113,168.01,7876,0.730304036,0.135935445,610,8,42166,226534,30794
912,202,7876,0.010956695,0.001365466,610,8,42166,338347,462
1184,168.02,7876,0.258739269,0.050682189,610,8,42166,215264,10910
282,177,7901,0,0,611,9,85170,903834,0
743,201,7901,0.999988259,0.191089133,611,9,85170,445702,85169
1068,201,7902,0.113673182,0.082180286,454,9,322222,445702,36628
1147,177,7902,0.886326818,0.315980589,454,9,322222,903834,285594
143,202,7903,0,0,456,9,73240,338347,0
459,208,7903,8.19224E-05,1.73E-05,456,9,73240,346097,6
891,201,7903,0.999918078,0.164311212,456,9,73240,445702,73234
152,177,7904,0.250554308,0.038258131,476,9,138010,903834,34579
757,208,7904,0.500869502,0.199727821,476,9,138010,346097,69125
1130,228.01,7904,0.248539961,0.059338336,476,9,138010,578059,34301
1140,201,7904,3.62293E-05,1.12E-05,476,9,138010,445702,5
577,228.01,7905,0.713880852,0.29152438,477,9,236059,578059,168518
629,177,7905,0.286114912,0.074726111,477,9,236059,903834,67540
584,228.01,7906,0.496671318,0.118219971,479,9,137592,578059,68338
1145,208,7906,0.503328682,0.20010055,479,9,137592,346097,69254
1036,208,7907,0.502153971,0.200395266,478,9,138117,346097,69356
1282,228.01,7907,0.497846029,0.118951731,478,9,138117,578059,68761
707,208,7908,1,0.250150247,455,9,86576,346097,86576
1192,228.01,7909,1,0.143976902,481,9,83227,578059,83227
266,228.02,7911,0.360599462,0.11149353,484,9,90014,291129,32459
275,228.01,7911,0.639400538,0.099566133,484,9,90014,578059,57555
62,208,7912,0.428737031,0.149608779,486,9,120771,346097,51779
695,209,7912,0.428828113,0.165631536,486,9,120771,312681,51790
1309,228.03,7912,0.142434856,0.060982916,486,9,120771,282080,17202
581,228.03,7913,1,0.426380553,482,9,120273,282080,120273
444,228.03,7914,1,0.307435151,483,9,86721,282080,86721
1196,229.03,7915,0.170892597,0.049282355,485,9,89290,309622,15259
1312,228.02,7915,0.180848919,0.055466821,485,9,89290,291129,16148
1330,228.03,7915,0.648258484,0.20520138,485,9,89290,282080,57883
87,210,7916,1.64629E-05,6.39E-06,459,9,121485,313015,2
174,253,7916,0.000205787,6.53E-05,459,9,121485,383006,25
181,209,7916,0.99977775,0.388439373,459,9,121485,312681,121458
403,229.01,7917,0.334133004,0.138214485,458,9,102959,248904,34402
1114,209,7917,0.665857283,0.219251508,458,9,102959,312681,68556
189,229.02,7918,0.459609735,0.269691596,457,9,94961,161833,43645
735,229.01,7918,0.540390266,0.206168668,457,9,94961,248904,51316
286,252,7919,0.0036256,0.000538775,460,9,97639,657048,354
1219,229.01,7919,0.270271101,0.106021221,460,9,97639,248904,26389
1247,209,7919,0.72582677,0.2266488,460,9,97639,312681,70869
1296,253,7919,0.000276529,7.05E-05,460,9,97639,383006,27
130,252,7921,0.001337785,0.000175026,461,9,85963,657048,115
1266,229.01,7921,0.998650582,0.344901427,461,9,85963,248904,85847
63,229.02,7922,0.532955046,0.359253057,488,9,109088,161833,58139
331,229.01,7922,0.467035788,0.20469018,488,9,109088,248904,50948
66,252,7923,0.000563938,8.68E-05,487,9,101075,657048,57
256,229.02,7923,0.594103389,0.371055347,487,9,101075,161833,60049
650,229.01,7923,9.89364E-06,4.02E-06,487,9,101075,248904,1
979,251,7923,0.001949048,0.000353701,487,9,101075,556965,197
1393,229.03,7923,0.403373732,0.131679069,487,9,101075,309622,40771
292,229.03,7924,0.998526929,0.359041935,480,9,111332,309622,111168
706,251,7924,0.001473072,0.000294452,480,9,111332,556965,164
415,210,7925,0.000885684,0.000361004,489,9,127585,313015,113
544,215,7925,0.069553631,0.017917319,489,9,127585,495276,8874
860,253,7925,0.929560685,0.309648885,489,9,127585,383006,118598
70,252,7926,0.999507371,0.16674936,473,9,109616,657048,109562
337,209,7926,8.21048E-05,2.88E-05,473,9,109616,312681,9
432,253,7926,0.000419647,0.000120102,473,9,109616,383006,46
273,252,7927,0.999992786,0.210976096,493,9,138622,657048,138621
832,251,7927,7.21386E-06,1.80E-06,493,9,138622,556965,1
301,251,7928,0.89367048,0.240114764,495,9,149648,556965,133736
503,252,7928,0.106269379,0.024203785,495,9,149648,657048,15903
1306,229.03,7928,6.01411E-05,2.91E-05,495,9,149648,309622,9
552,252,7929,0.366702346,0.061526895,490,9,110242,657048,40426
626,253,7929,0.633297654,0.182283399,490,9,110242,383006,69816
677,251,7931,0.369635769,0.161345286,501,9,243115,556965,89864
1087,252,7931,0.630368344,0.233243943,501,9,243115,657048,153252
1100,251,7932,1,0.244571043,494,9,136218,556965,136218
242,257.01,7933,0.14072499,0.03344013,474,9,149078,627360,20979
722,257.02,7933,0,0,474,9,149078,533457,0
948,251,7933,0.73804988,0.197546713,474,9,149078,556965,110027
1213,9809,7933,0.109231409,0.004499195,474,9,149078,3855813,16284
1429,230.01,7933,0.012000429,0.002685952,474,9,149078,666059,1789
29,253,7934,1,0.24272339,505,9,92965,383006,92965
234,253,7935,0.588947916,0.19508992,504,9,126872,383006,74721
1316,252,7935,0.411052084,0.079371916,504,9,126872,657048,52151
1317,252,7936,1,0.15582775,472,9,102386,657048,102386
69,251,7937,0.31666377,0.071977334,497,9,126598,556965,40089
247,254.02,7937,0.334049511,0.140886831,497,9,126598,300170,42290
310,252,7937,0.349286719,0.067299702,497,9,126598,657048,44219
1002,254.01,7938,1,0.351467963,491,9,132127,375929,132127
285,254.01,7939,0.896360057,0.247089211,502,9,103628,375929,92888
375,254.02,7939,0.103639943,0.035779725,502,9,103628,300170,10740
1179,254.02,7941,1,0.350764567,500,9,105289,300170,105289
125,254.02,7942,0.538071711,0.423400073,499,9,236199,300170,127092
158,257.01,7942,0.150288528,0.056583142,499,9,236199,627360,35498
1027,254.03,7942,0.139335899,0.063711863,499,9,236199,516561,32911
1297,251,7942,0.172303862,0.073070756,499,9,236199,556965,40698
689,255,7943,4.58558E-06,9.29E-07,498,9,218075,1076563,1
723,257.01,7943,4.58558E-06,1.59E-06,498,9,218075,627360,1
947,254.01,7943,4.58558E-06,2.66E-06,498,9,218075,375929,1
1273,254.03,7943,0.999986243,0.422161995,498,9,218075,516561,218072
1318,254.01,7944,0.5772612,0.280345491,503,9,182569,375929,105390
1423,254.03,7944,0.422733323,0.14940762,503,9,182569,516561,77178
546,254.03,7945,0.9029328,0.265760028,492,9,152039,516561,137281
983,254.02,7945,0.097073777,0.049168804,492,9,152039,300170,14759
1403,257.01,7945,0,0,492,9,152039,627360,0
376,254.03,7946,3.74312E-06,1.94E-06,506,9,267157,516561,1
625,257.01,7946,0.745789929,0.317589582,506,9,267157,627360,199243
1021,256,7946,0.254206328,0.120727569,506,9,267157,562531,67913
839,257.01,7947,0.957846411,0.347527735,471,9,227620,627360,218025
1012,257.02,7947,0.042153589,0.017986488,471,9,227620,533457,9595
656,260.02,7948,0.170726843,0.086105965,467,9,180493,357874,30815
806,259,7948,0.071448754,0.017436358,467,9,180493,739604,12896
1239,256,7948,0.757824403,0.243154599,467,9,180493,562531,136782
370,259,7949,0.159847909,0.026999584,496,9,124925,739604,19969
533,257.01,7949,0.153011807,0.030468949,496,9,124925,627360,19115
615,256,7949,0.687148289,0.15259959,496,9,124925,562531,85842
482,257.02,7951,0.195797236,0.096257236,466,9,262256,533457,51349
563,259,7951,0.3843954,0.13630267,466,9,262256,739604,100810
1148,257.01,7951,0.419803551,0.175490946,466,9,262256,627360,110096
345,257.01,7952,0.135292775,0.038748087,462,9,179677,627360,24309
1164,257.02,7952,0.86471279,0.291249888,462,9,179677,533457,155369
457,259,7953,0.929015955,0.226661835,468,9,180449,739604,167640
1342,256,7953,0.070984045,0.022770301,468,9,180449,562531,12809
849,9805.01,7954,0.999975651,0.386458937,464,9,616029,1593996,616014
900,260.02,7954,2.27262E-05,3.91E-05,464,9,616029,357874,14
43,259,7955,0.715148417,0.260991017,470,9,269916,739604,193030
874,258,7955,0.047036856,0.052525754,470,9,269916,241711,12696
1419,257.02,7955,0.237814728,0.120328574,470,9,269916,533457,64190
369,258,7956,0.134010015,0.106731207,469,9,192508,241711,25798
1428,257.02,7956,0.865989985,0.312509373,469,9,192508,533457,166710
771,9805.01,7957,0.000356489,4.71E-05,465,9,210385,1593996,75
1032,259,7957,0.876621432,0.249360469,465,9,210385,739604,184428
1153,258,7957,0.123022079,0.107078731,465,9,210385,241711,25882
149,259,7958,0,0,463,9,70926,739604,0
995,258,7958,1,0.293434281,463,9,70926,241711,70926
232,201,7959,0.999989441,0.212475572,475,9,94702,445702,94701
1089,202,7959,1.05594E-05,2.96E-06,475,9,94702,338347,1
873,263.02,9001,0.718645492,0.060765284,511,10,64289,760327,46201
1090,605.02,9001,0.281354509,0.065652551,511,10,64289,275511,18088
99,479.02,9101,0.413881411,0.31694709,29,1,304580,397733,126060
241,479.01,9101,0.1703559,0.045356562,29,1,304580,5262681,51887
954,9802,9101,0.415759406,0.125197487,29,1,304580,1775135,126632
145,478.02,9102,0.098929482,0.305566685,31,1,1048464,339447,103724
281,9802,9102,0.843925972,0.874802513,31,1,1048464,1775135,884826
322,479.02,9102,0.019679264,0.051876641,31,1,1048464,397733,20633
499,478.01,9102,0.001311442,0.00288497,31,1,1048464,476607,1375
740,428,9102,7.43945E-05,0.000139243,31,1,1048464,878353,78
821,427,9102,0.036079446,0.092399535,31,1,1048464,409396,37828
259,478.01,9103,0.031140546,0.009234004,32,1,141327,476607,4401
394,427,9103,0.968859454,0.334458568,32,1,141327,409396,136926
505,477.01,9103,0,0,32,1,141327,364729,0
321,477.01,9104,0.032976555,0.01095608,33,1,121177,364729,3996
326,427,9104,0.967023445,0.286228981,33,1,121177,409396,117181
347,478.01,9104,0,0,33,1,121177,476607,0
279,427,9105,0.334522543,0.095965764,28,1,117445,409396,39288
1281,426.01,9105,0.665477458,0.266627322,28,1,117445,293131,78157
92,428,9106,3.12471E-05,7.14E-06,26,1,128012,878353,4
447,426.01,9106,0.152587257,0.066635509,26,1,128012,293131,19533
1308,426.02,9106,0.847389307,0.326677869,26,1,128012,332057,108476
142,477.01,9107,0.034280971,0.011435888,35,1,121671,364729,4171
156,427,9107,0.482900609,0.143516302,35,1,121671,409396,58755
1384,426.01,9107,0.482826639,0.200408007,35,1,121671,293131,58746
42,426.02,9108,0.399383145,0.117768583,27,1,97916,332057,39106
1155,426.01,9108,0.600616855,0.200626339,27,1,97916,293131,58810
464,476,9109,0.035213236,0.009488398,25,1,143128,531175,5040
1334,426.02,9109,0.964786764,0.415855061,25,1,143128,332057,138088
33,426.02,9111,0.310784807,0.117217474,34,1,125241,332057,38923
183,477.01,9111,0.03462125,0.011888279,34,1,125241,364729,4336
630,426.01,9111,0.621888998,0.265702823,34,1,125241,293131,77886
1176,476,9111,0.032704945,0.007711206,34,1,125241,531175,4096
580,426.02,9112,0.049026369,0.022481012,40,1,152265,332057,7465
934,402,9112,0.93672873,0.268371755,40,1,152265,531468,142631
986,452,9112,0.01377861,0.003542573,40,1,152265,592225,2098
1221,476,9112,0.000466292,0.000133666,40,1,152265,531175,71
128,402,9113,0.952305065,0.219251206,38,1,122361,531468,116525
206,401,9113,0.047694935,0.013924181,38,1,122361,419127,5836
192,452,9114,0.050342445,0.014025075,39,1,164990,592225,8306
239,402,9114,0.949657555,0.294813611,39,1,164990,531468,156684
162,451,9115,0.023383324,0.007332343,37,1,120556,384461,2819
592,401,9115,0.810519593,0.233134587,37,1,120556,419127,97713
958,402,9115,0.166063904,0.037669248,37,1,120556,531468,20020
1307,452,9115,2.48847E-05,5.07E-06,37,1,120556,592225,3
284,154,9116,0.001065796,0.000177903,36,1,120098,719494,128
357,451,9116,0.033547603,0.010479607,36,1,120098,384461,4029
461,156,9116,6.66123E-05,2.72E-05,36,1,120098,293933,8
801,401,9116,0.965328315,0.276608283,36,1,120098,419127,115934
1294,479.02,9117,0.885445111,0.383992236,46,1,172485,397733,152726
1299,479.01,9117,0.114554889,0.017272155,46,1,172485,5262681,19759
853,479.02,9118,0.713503981,0.247184033,43,1,137789,397733,98313
1314,478.02,9118,0.286496019,0.11629469,43,1,137789,339447,39476
1061,479.01,9119,1,0.137113411,49,1,156855,5262681,156855
93,478.02,9121,0.375723576,0.173431571,44,1,156687,339447,58871
119,478.01,9121,0.375142801,0.123329864,44,1,156687,476607,58780
828,479.01,9121,0.249140005,0.034123848,44,1,156687,5262681,39037
382,478.02,9122,0.091717484,0.058309373,23,1,215804,339447,19793
1409,478.01,9122,0.90828715,0.411264603,23,1,215804,476607,196012
71,478.01,9123,0.16763168,0.041367329,21,1,117615,476607,19716
939,477.01,9123,0.83236832,0.268415728,21,1,117615,364729,97899
938,477.01,9124,1,0.322170708,18,1,117505,364729,117505
257,476,9125,0.334253791,0.073834424,17,1,117333,531175,39219
718,477.01,9125,0.66574621,0.214169973,17,1,117333,364729,78114
780,476,9126,1,0.296932273,15,1,157723,531175,157723
504,476,9127,0.997345436,0.328902904,13,1,175170,531175,174705
926,452,9127,0.002654564,0.000785175,13,1,175170,592225,465
489,452,9128,0.99872681,0.241067162,12,1,142948,592225,142766
684,476,9128,0.00127319,0.000342637,12,1,142948,531175,182
6,452,9129,1,0.165215923,10,1,97845,592225,97845
31,452,9131,1,0.164727933,8,1,97556,592225,97556
9,452,9132,0.001202856,0.000238085,5,1,117221,592225,141
608,451,9132,0.998797144,0.304530238,5,1,117221,384461,117080
495,154,9133,4.43302E-05,1.11E-05,4,1,180464,719494,8
879,451,9133,0.447756893,0.210174764,4,1,180464,384461,80804
1391,156,9133,0.552198777,0.339030796,4,1,180464,293933,99652
253,154,9134,0.001631124,0.000300211,1,1,132424,719494,216
445,157,9134,0.539214946,0.085343873,1,1,132424,836674,71405
642,156,9134,0.459161481,0.206864173,1,1,132424,293933,60804
636,479.01,9135,0.999990795,0.474788895,42,1,543154,5262681,543149
1190,9803,9135,7.36439E-06,8.96E-07,42,1,543154,4751415,4
1005,479.01,9136,1,0.136954317,48,1,156673,5262681,156673
1067,479.01,9137,1,0.154362839,47,1,176588,5262681,176588
647,478.02,9138,0.749902742,0.346397681,45,1,156799,339447,117584
739,478.01,9138,0.250097258,0.082279357,45,1,156799,476607,39215
767,478.01,9139,1,0.329639872,22,1,157109,476607,157109
199,477.02,9141,0.750279362,0.333058381,20,1,156607,352787,117499
931,477.01,9141,0.249720638,0.107224816,20,1,156607,364729,39108
1054,477.01,9142,0.142786374,0.053738529,19,1,137268,364729,19600
1088,477.02,9142,0.857213626,0.333537422,19,1,137268,352787,117668
188,476,9143,0.14297997,0.036942627,16,1,137243,531175,19623
388,477.02,9143,0.857027317,0.333404197,16,1,137243,352787,117621
1151,476,9144,0.999701149,0.245608321,14,1,130500,531175,130461
1354,452,9144,0.000298851,6.59E-05,14,1,130500,592225,39
594,476,9145,0.000435354,0.000103544,11,1,126334,531175,55
1195,452,9145,0.999572562,0.213229769,11,1,126334,592225,126280
1332,452,9146,1,0.164147072,9,1,97212,592225,97212
94,452,9147,0.172396123,0.032948626,7,1,113187,592225,19513
393,451,9147,0.827603877,0.243650201,7,1,113187,384461,93674
13,451,9148,0.708580698,0.223832846,6,1,121447,384461,86055
1322,156,9148,0.291411068,0.1204054,6,1,121447,293933,35391
295,156,9149,0.716946489,0.332110828,41,1,136158,293933,97618
838,157,9149,0.283053511,0.046063341,41,1,136158,836674,38540
368,154,9151,8.31923E-05,2.78E-05,0,1,240407,719494,20
404,157,9151,0.999916808,0.287312621,0,1,240407,836674,240387
38,157,9152,0.999992446,0.158225306,2,1,132384,836674,132383
1260,156,9152,7.55378E-06,3.40E-06,2,1,132384,293933,1
478,601,9201,0.999998837,0.421339504,107,2,2579877,26472326,2579874
1293,428,9201,1.16285E-06,5.36E-06,107,2,2579877,878353,3
303,128,9202,0,0,108,2,3466322,497836,0
688,127,9202,2.33677E-05,0.000175911,108,2,3466322,657282,81
807,133,9202,0.001164635,0.006944707,108,2,3466322,581306,4037
1389,601,9202,0.998811997,0.565439752,108,2,3466322,26472326,3462204
364,126.02,9203,0.087645875,0.041520381,77,2,298200,1172976,26136
668,127,9203,0.825938967,0.534887862,77,2,298200,657282,246295
1055,601,9203,0.086415158,0.004208538,77,2,298200,26472326,25769
332,126.02,9204,0.999909813,0.352263954,72,2,221761,1172976,221741
530,127,9204,0,0,72,2,221761,657282,0
949,126.01,9204,9.01872E-05,0.000117331,72,2,221761,170458,20
209,129.02,9205,0.042976029,0.042614691,60,2,349916,352882,15038
669,129.01,9205,0.131162908,0.253742896,60,2,349916,180876,45896
831,126.02,9205,0.81080888,0.450717583,60,2,349916,1172976,283715
1373,102,9205,0.015052184,0.010110686,60,2,349916,811304,5267
163,127,9206,1,0.26747325,76,2,123161,657282,123161
262,126.01,9207,0.738818328,0.507790775,74,2,117156,170458,86557
454,127,9207,0.132216873,0.0336402,74,2,117156,657282,15490
693,128,9207,0.128964799,0.030349352,74,2,117156,497836,15109
712,129.02,9208,0.22202171,0.092390396,73,2,146846,352882,32603
756,126.01,9208,0.571217466,0.492091894,73,2,146846,170458,83881
993,126.02,9208,0.001007859,0.000235117,73,2,146846,1172976,148
1269,128,9208,0.205752966,0.060690669,73,2,146846,497836,30214
169,129.02,9209,0.003478314,0.000966326,71,2,98036,352882,341
1226,126.02,9209,0.996511486,0.15519942,71,2,98036,1172976,97694
834,127,9211,0.621605644,0.139297356,75,2,103186,657282,64141
1189,128,9211,0.378394356,0.078429443,75,2,103186,497836,39045
614,128,9212,1.47064E-05,4.02E-06,70,2,135995,497836,2
1163,129.02,9212,0.999985294,0.385377023,70,2,135995,352882,135993
477,126.02,9213,1.1207E-05,1.59E-06,59,2,89230,1172976,1
1042,102,9213,0.003126751,0.000535576,59,2,89230,811304,279
1096,129.01,9213,0.996862042,0.49177337,59,2,89230,180876,88950
106,127,9214,0.128999463,0.024525421,87,2,87543,657282,11293
1432,128,9214,0.871000537,0.153162889,87,2,87543,497836,76250
120,128,9215,1,0.21941764,86,2,109234,497836,109234
566,128,9216,1,0.232990382,84,2,115991,497836,115991
1245,129.02,9216,0,0,84,2,115991,352882,0
60,130,9217,0.398391055,0.126031239,83,2,115728,365822,46105
97,129.02,9217,0.535013134,0.175457588,83,2,115728,352882,61916
450,128,9217,0.066604452,0.01548301,83,2,115728,497836,7708
458,129.02,9218,0.71537102,0.219075444,69,2,108067,352882,77308
935,130,9218,0.28462898,0.084081876,69,2,108067,365822,30759
35,109,9219,0,0,58,2,75766,250647,0
748,129.02,9219,0.391785234,0.084118532,58,2,75766,352882,29684
903,102,9219,0.002283346,0.000332096,58,2,75766,811304,173
1215,129.01,9219,0.605918222,0.253809239,58,2,75766,180876,45908
1331,130,9219,2.63971E-05,5.47E-06,58,2,75766,365822,2
374,132,9221,0.691603161,0.252498738,88,2,199587,546675,138035
959,601,9221,0.016939981,0.000552178,88,2,199587,26472326,3381
1105,128,9221,0.291456858,0.116847717,88,2,199587,497836,58171
104,132,9222,0.549329536,0.171456219,85,2,170628,546675,93731
952,130,9222,0.180427597,0.084155682,85,2,170628,365822,30786
1015,128,9222,0.270248728,0.09262488,85,2,170628,497836,46112
790,130,9223,0.563806042,0.167789253,82,2,108869,365822,61381
1358,132,9223,0.436193958,0.08686681,82,2,108869,546675,47488
646,130,9224,0.660194696,0.167958734,68,2,93068,365822,61443
803,132,9224,0.170101431,0.028958652,68,2,93068,546675,15831
953,131.02,9224,0.169714617,0.06639735,68,2,93068,237887,15795
523,130,9225,0.965589396,0.286344178,57,2,108484,365822,104751
609,102,9225,0,0,57,2,108484,811304,0
1045,109,9225,0.034410604,0.014893396,57,2,108484,250647,3733
1360,131.01,9225,9.21795E-06,5.78E-06,57,2,108484,173032,1
168,131.02,9226,0.200581949,0.066359517,56,2,78701,237887,15786
446,110,9226,7.62379E-05,2.51E-05,56,2,78701,239177,6
852,130,9226,0.388737119,0.083630837,56,2,78701,365822,30594
1024,131.01,9226,0.387453781,0.1762265,56,2,78701,173032,30493
1304,109,9226,0.023150913,0.007269158,56,2,78701,250647,1822
1158,427,9227,0.107706644,0.047430849,106,2,180286,409396,19418
1243,428,9227,0.892293356,0.287177107,106,2,180286,878353,160868
702,601,9228,3.4991E-06,1.63E-07,105,2,285788,26472326,1
991,428,9228,0.999996501,0.510179053,105,2,285788,878353,285787
134,402,9229,0.000245101,7.34E-05,104,2,159118,531468,39
714,601,9229,0.287069973,0.007460033,104,2,159118,26472326,45678
1084,428,9229,0.71269121,0.202442116,104,2,159118,878353,113402
710,426.02,9231,0,0,103,2,165217,332057,0
877,428,9231,0.000169474,5.00E-05,103,2,165217,878353,28
1048,402,9231,0.578445317,0.179820798,103,2,165217,531468,95569
1136,401,9231,0.421385209,0.16610717,103,2,165217,419127,69620
401,133,9232,0.234671234,0.06858522,102,2,169893,581306,39869
796,401,9232,0.765328766,0.310225779,102,2,169893,419127,130024
575,133,9233,1,0.359536974,101,2,209001,581306,209001
111,133,9234,1,0.217026833,100,2,126159,581306,126159
274,601,9235,0.03893659,0.000999832,96,2,157230,26472326,6122
637,133,9235,0.96106341,0.259945708,96,2,157230,581306,151108
1223,132,9236,0.502356246,0.080144363,92,2,87215,546675,43813
1349,134,9236,0.497643754,0.122543594,92,2,87215,354176,43402
451,134,9237,0.596066096,0.249328018,91,2,148148,354176,88306
484,132,9237,0.403933904,0.109465204,91,2,148148,546675,59842
396,132,9238,1,0.189951635,81,2,103842,546675,103842
469,132,9239,0.335095305,0.054154563,67,2,88348,546675,29605
603,131.02,9239,0.664904695,0.246937609,67,2,88348,237887,58743
613,131.02,9241,0.33959392,0.124727811,55,2,87372,237887,29671
634,110,9241,0.001041524,0.000380473,55,2,87372,239177,91
1263,131.01,9241,0.659364556,0.332942271,55,2,87372,173032,57610
250,110,9242,0.003352669,0.000790213,54,2,56373,239177,189
1396,131.01,9242,0.996647331,0.324701069,54,2,56373,173032,56184
511,134,9243,1,0.208819909,93,2,73959,354176,73959
440,153,9244,6.73369E-06,4.28E-06,90,2,148507,233720,1
699,134,9244,1,0.419302833,90,2,148507,354176,148507
473,135,9245,1,0.441741608,79,2,103891,235185,103891
151,132,9246,0.124899789,0.026503816,80,2,116005,546675,14489
1139,135,9246,0.875100211,0.431643175,80,2,116005,235185,101516
371,131.02,9247,0.748192496,0.37193866,66,2,118257,237887,88479
752,135,9247,0.251807504,0.126615218,66,2,118257,235185,29778
80,110,9248,0,0,53,2,57831,239177,0
550,111,9248,0.003320019,0.000777007,53,2,57831,247101,192
1057,131.02,9248,0.508533486,0.123626443,53,2,57831,237887,29409
1248,131.01,9248,0.488129204,0.163142291,53,2,57831,173032,28229
20,133,9249,0.154393249,0.039024197,99,2,146930,581306,22685
251,154,9249,0.843177023,0.172187676,99,2,146930,719494,123888
773,156,9249,0.002422922,0.001211164,99,2,146930,293933,356
260,156,9251,0.000587402,0.000347019,98,2,173646,293933,102
561,154,9251,0.999136174,0.241136132,98,2,173646,719494,173496
1188,157,9251,0.000276424,5.74E-05,98,2,173646,836674,48
89,154,9252,0.998739447,0.251072281,97,2,180873,719494,180645
96,157,9252,0.001260553,0.000272508,97,2,180873,836674,228
1298,133,9253,0.191705585,0.048936361,95,2,148389,581306,28447
1417,154,9253,0.808294415,0.166703266,95,2,148389,719494,119942
1112,153,9254,0.999984088,0.537788807,89,2,125694,233720,125692
1415,134,9254,1.59117E-05,5.65E-06,89,2,125694,354176,2
17,158.01,9255,0,0,94,2,92633,343934,0
373,155,9255,2.15906E-05,6.41E-06,94,2,92633,312147,2
631,154,9255,0.999978409,0.128744645,94,2,92633,719494,92631
336,155,9256,0,0,111,2,77300,312147,0
405,153,9256,1,0.330737635,111,2,77300,233720,77300
248,157,9257,2.32466E-05,1.20E-06,110,2,43017,836674,1
619,155,9257,0.358021247,0.049339249,110,2,43017,312147,15401
1174,158.01,9257,0.641955506,0.080291801,110,2,43017,343934,27615
532,157,9258,1,0.254593784,109,2,213012,836674,213012
543,352.01,9401,0.756794186,0.386703088,197,4,480190,1569803,363405
554,352.02,9401,0.243162082,0.313244285,197,4,480190,372758,116764
1405,9803,9401,4.16502E-05,4.48E-06,197,4,480190,4751415,20
222,352.02,9402,0.624993686,0.26554565,195,4,158376,372758,98984
1363,351,9402,0.375006314,0.0641595,195,4,158376,925693,59392
21,351,9403,0.999295041,0.169975359,162,4,157456,925693,157345
845,327,9403,0.000704959,0.000131406,162,4,157456,844713,111
1230,327,9404,1,0.215151182,194,4,181741,844713,181741
720,327,9405,0.9999622,0.18790169,161,4,158729,844713,158723
1066,326.02,9405,3.78003E-05,1.27E-05,161,4,158729,472115,6
768,326.01,9406,0.499855511,0.190497624,160,4,159182,417685,79568
1181,326.02,9406,0.500144489,0.168632642,160,4,159182,472115,79614
1154,326.01,9407,1,0.333926284,159,4,139476,417685,139476
299,326.02,9408,2.98018E-05,6.35E-06,158,4,100665,472115,3
494,326.01,9408,0.992291263,0.23914912,158,4,100665,417685,99889
524,303.01,9408,0,0,158,4,100665,752523,0
1303,302.01,9408,0.007678935,0.002141535,158,4,100665,360958,773
865,326.01,9409,0.0013543,0.000258568,157,4,79746,417685,108
1286,302.01,9409,0.9986457,0.220630769,157,4,79746,360958,79638
785,352.01,9411,0.175395428,0.022148397,163,4,118669,1569803,20814
893,352.02,9411,0.824604572,0.262516868,163,4,118669,372758,97855
824,352.02,9412,0.375099588,0.157883018,169,4,156897,372758,58852
994,352.01,9412,0.624900412,0.104330717,169,4,156897,1569803,98045
312,351,9413,0.999214554,0.178656423,164,4,165511,925693,165381
571,327,9413,0.000785446,0.000153898,164,4,165511,844713,130
721,327,9414,1,0.199172974,193,4,168244,844713,168244
1128,326.02,9415,0.285892861,0.083322919,165,4,137597,472115,39338
1133,326.01,9415,0.714099871,0.235244263,165,4,137597,417685,98258
84,352.01,9416,1,0.184785986,170,4,173653,1569803,173653
308,351,9417,1,0.190671205,168,4,176503,925693,176503
77,351,9418,0.998938518,0.217557009,167,4,201605,925693,201391
1287,327,9418,0.000694427,0.000165737,167,4,201605,844713,140
1386,329.02,9418,0.000362094,0.000144669,167,4,201605,504600,73
27,327,9419,0.999646909,0.258072268,192,4,218074,844713,217997
363,351,9419,0.00034392,8.10E-05,192,4,218074,925693,75
988,329.02,9419,4.5856E-06,1.98E-06,192,4,218074,504600,1
213,326.02,9421,0.800752955,0.332031391,189,4,195762,472115,156757
525,327,9421,0.199247045,0.046175447,189,4,195762,844713,39005
75,303.01,9422,0.000174366,4.52E-05,166,4,194992,752523,34
252,326.02,9422,0.999825634,0.412945998,166,4,194992,472115,194958
1050,352.01,9423,0.805118839,0.134163056,171,4,156598,1569803,126080
1231,354,9423,0.194881161,0.029526157,171,4,156598,1591236,30518
607,351,9424,0.200146829,0.042409308,172,4,196146,925693,39258
825,352.01,9424,0.799853171,0.166946173,172,4,196146,1569803,156888
148,351,9425,0.310227133,0.136186619,173,4,406370,925693,126067
383,354,9425,0.048386938,0.019023948,173,4,406370,1591236,19663
945,329.01,9425,0.000386347,0.000233665,173,4,406370,671901,157
964,353,9425,0.64060093,0.23112259,173,4,406370,1126333,260321
1227,329.02,9425,0.000398651,0.000321046,173,4,406370,504600,162
407,329.02,9426,1,0.394986128,191,4,199310,504600,199310
355,329.02,9427,0.363889726,0.155511296,180,4,215645,504600,78471
572,327,9427,0.362864894,0.092635013,180,4,215645,844713,78250
657,328.02,9427,0.27324538,0.091199081,180,4,215645,646103,58924
344,328.02,9428,0.996031158,0.301806368,200,4,195775,646103,194998
1425,303.02,9428,0.003968842,0.001299751,200,4,195775,597808,777
402,329.02,9429,0.304462388,0.138539437,183,4,229608,504600,69907
1132,329.01,9429,0.695537612,0.237685314,183,4,229608,671901,159701
652,329.01,9431,0.817875344,0.262499981,182,4,215649,671901,176374
871,329.02,9431,0.182124656,0.077833928,182,4,215649,504600,39275
95,329.02,9432,0.332842862,0.232661514,181,4,352722,504600,117401
1259,328.02,9432,0.667159973,0.36421747,181,4,352722,646103,235322
815,328.02,9433,0.727590335,0.242715171,201,4,215532,646103,156819
1060,304,9433,0,0,201,4,215532,973464,0
1183,328.01,9433,0.270349647,0.09954319,201,4,215532,585365,58269
1290,303.02,9433,0.002060019,0.000742715,201,4,215532,597808,444
697,354,9434,1,0.185406814,174,4,191635,1591236,191635
733,353,9435,0.60040691,0.104540132,175,4,196112,1126333,117747
1375,354,9435,0.39959309,0.075818118,175,4,196112,1591236,78365
480,329.01,9436,0.000600747,0.000190504,176,4,213068,671901,128
910,353,9436,0.999399253,0.18905599,176,4,213068,1126333,212940
57,329.01,9437,0.999509593,0.324570138,190,4,218186,671901,218079
1167,353,9437,0.000485824,9.41E-05,190,4,218186,1126333,106
1348,330,9437,0,0,190,4,218186,1512503,0
1121,329.01,9438,0.59961102,0.174820398,184,4,195897,671901,117462
1131,328.01,9438,0.400383875,0.133991841,184,4,195897,585365,78434
179,303.02,9439,0,0,196,4,276458,597808,0
490,328.01,9439,0.989347387,0.467252855,196,4,276458,585365,273513
942,304,9439,0.010652613,0.003025276,196,4,276458,973464,2945
352,354,9441,0.997988395,0.444472287,199,4,460329,1591236,459403
774,604,9441,0.002009432,0.000162632,199,4,460329,6842132,925
1175,354,9442,1,0.177319484,198,4,183276,1591236,183276
157,354,9443,0.380362447,0.06591479,177,4,179116,1591236,68129
421,353,9443,0.618459546,0.098351021,177,4,179116,1126333,110776
1117,604,9443,0.001178008,3.71E-05,177,4,179116,6842132,211
201,353,9444,0.998235792,0.188385673,178,4,212560,1126333,212185
1046,329.01,9444,0,0,178,4,212560,671901,0
1204,330,9444,0.001764208,0.000247933,178,4,212560,1512503,375
118,330,9445,0.999835018,0.144244342,185,4,218206,1512503,218170
335,353,9445,0.000164982,3.20E-05,185,4,218206,1126333,36
1059,329.01,9445,0,0,185,4,218206,671901,0
1095,330,9446,1,0.142339552,203,4,215289,1512503,215289
136,330,9447,0.777745675,0.09076544,204,4,176514,1512503,137283
441,328.01,9447,0.222254325,0.067019837,204,4,176514,585365,39231
105,304,9448,0.004665329,0.001213192,202,4,253144,973464,1181
160,328.01,9448,0.536915748,0.232192277,202,4,253144,585365,135917
288,330,9448,0.456609677,0.076421667,202,4,253144,1512503,115588
560,308,9448,0.001809247,0.000368402,202,4,253144,1243206,458
667,330,9449,0.000287781,3.97E-05,179,4,208492,1512503,60
762,604,9449,0.000887324,3.25E-05,179,4,208492,6842132,185
899,331,9449,0.00019665,4.58E-05,179,4,208492,895563,41
1008,353,9449,0.998628245,0.18485297,179,4,208492,1126333,208206
314,331,9451,0.000736662,0.000108312,186,4,131675,895563,97
397,353,9451,0.030499335,0.003565553,186,4,131675,1126333,4016
1254,330,9451,0.968771597,0.084339006,186,4,131675,1512503,127563
797,308,9452,0.011147325,0.002310961,187,4,257730,1243206,2873
1387,330,9452,0.988852675,0.168500162,187,4,257730,1512503,254857
360,331,9453,0.004117035,0.002050105,188,4,445952,895563,1836
455,330,9453,0.993732509,0.292995782,188,4,445952,1512503,443157
1129,308,9453,0.002150456,0.000771393,188,4,445952,1243206,959
173,153,9501,1,0.131460722,215,5,30725,233720,30725
1284,154,9502,1,0.039638968,218,5,28520,719494,28520
518,153,9503,2.25076E-05,8.56E-06,217,5,88859,233720,2
786,155,9503,0.997209062,0.283877685,217,5,88859,312147,88611
895,158.01,9503,0.002757177,0.000712348,217,5,88859,343934,245
612,155,9504,1,0.137445738,216,5,42903,312147,42903
49,155,9505,0.000593479,0.000307549,219,5,161758,312147,96
1427,158.01,9505,0.999400339,0.470036315,219,5,161758,343934,161661
395,158.01,9506,1,0.22561371,259,5,77596,343934,77596
28,158.02,9507,0.199031359,0.091218967,255,5,78254,170743,15575
794,157,9507,0.800955862,0.074913288,255,5,78254,836674,62678
377,158.01,9508,0.245942572,0.044677306,260,5,62478,343934,15366
502,158.02,9508,0.754057428,0.275923464,260,5,62478,170743,47112
1016,157,9509,0.999984006,0.074726835,253,5,62523,836674,62522
736,158.02,9511,0.666364578,0.180868323,254,5,46344,170743,30882
1199,157,9511,0.333635422,0.018480316,254,5,46344,836674,15462
417,164,9512,9.7078E-05,1.94E-05,252,5,61806,309099,6
1173,158.02,9512,0.999919102,0.361953345,252,5,61806,170743,61801
928,158.01,9513,0.799890658,0.17866852,261,5,76823,343934,61450
1388,158.02,9513,0.200109342,0.090035902,261,5,76823,170743,15373
39,302.01,9514,0.004938988,0.010754773,209,5,785991,360958,3882
349,302.02,9514,0.005955539,0.013161298,209,5,785991,355663,4681
515,301.01,9514,0.00288044,0.006535155,209,5,785991,346434,2264
1000,9803,9514,0.986211038,0.173644218,209,5,785991,4751415,775153
1406,326.01,9514,1.39951E-05,2.63E-05,209,5,785991,417685,11
427,302.01,9515,1,0.223121378,205,5,80537,360958,80537
261,302.01,9516,0.671600786,0.223489844,206,5,120116,360958,80670
977,302.02,9516,0.328399214,0.110908048,206,5,120116,355663,39446
562,302.02,9517,1,0.221006343,207,5,78604,355663,78604
463,302.02,9518,1,0.274686221,258,5,97696,355663,97696
10,9803,9519,7.44304E-05,1.79E-06,256,5,107483,4751415,8
862,301.01,9519,0.4552813,0.141253457,256,5,107483,346434,48935
1116,302.02,9519,0.544644269,0.164593549,256,5,107483,355663,58540
167,9803,9521,2.32056E-05,4.48E-07,257,5,86186,4751415,2
379,301.01,9521,0.999976794,0.248774658,257,5,86186,346434,86184
367,301.01,9522,0.998647858,0.285676348,244,5,99102,346434,98968
1161,9803,9522,0.001352142,3.00E-05,244,5,99102,4751415,134
1108,326.01,9701,0.00029087,6.70E-05,349,7,96263,417685,28
1232,302.01,9701,0.999667577,0.266600361,349,7,96263,360958,96231
1365,303.01,9701,4.15528E-05,5.32E-06,349,7,96263,752523,4
681,302.02,9702,0.799576739,0.215644541,350,7,95922,355663,76697
856,302.01,9702,0.200423261,0.053261339,350,7,95922,360958,19225
690,303.02,9703,0.39906404,0.126097553,376,7,188897,597808,75382
866,326.02,9703,0.007125576,0.002851,376,7,188897,472115,1346
1283,328.02,9703,0.000211756,6.19E-05,376,7,188897,646103,40
1413,303.01,9703,0.593593334,0.149002557,376,7,188897,752523,112128
416,303.01,9704,1,0.255009807,348,7,191901,752523,191901
1320,303.01,9705,1,0.180885925,380,7,136121,752523,136121
202,301.01,9706,1,0.039825768,351,7,13797,346434,13797
687,303.01,9707,0.679957586,0.197697349,378,7,218796,752523,148772
936,303.02,9707,0.320042414,0.117134794,378,7,218796,597808,70024
291,303.01,9708,1,0.203836688,379,7,153392,752523,153392
649,304,9709,8.34077E-06,2.05E-06,375,7,239786,973464,2
941,328.01,9709,0,0,375,7,239786,585365,0
1014,303.02,9709,0.999991659,0.401106043,375,7,239786,597808,239784
970,303.01,9711,0.058491673,0.013515848,377,7,173888,752523,10171
1366,303.02,9711,0.941502576,0.273860962,377,7,173888,597808,163716
744,303.02,9712,0.225510923,0.079758183,373,7,211431,597808,47680
1278,304,9712,0.774489077,0.168214574,373,7,211431,973464,163751
1064,304,9713,1,0.205772164,347,7,200312,973464,200312
348,304,9714,1,0.311264401,372,7,303005,973464,303005
34,306,9715,0,0,374,7,183723,521628,0
1256,304,9715,1,0.188730976,374,7,183723,973464,183723
830,304,9716,0.198749501,0.040359951,342,7,197681,973464,39289
1142,308,9716,0.801245441,0.127405273,342,7,197681,1243206,158391
24,308,9717,0.611479395,0.09771671,343,7,198669,1243206,121482
704,304,9717,0.388520605,0.079290986,343,7,198669,973464,77187
178,308,9718,1,0.193322748,344,7,240340,1243206,240340
101,308,9719,0.311952318,0.074937701,371,7,298645,1243206,93163
847,306,9719,0.688047682,0.393925161,371,7,298645,521628,205482
339,306,9721,0.998428358,0.369016558,345,7,192792,521628,192489
439,304,9721,5.18694E-06,1.03E-06,345,7,192792,973464,1
534,305,9721,0.001566455,0.000268815,345,7,192792,1123452,302
456,308,9722,0.973323901,0.190357029,341,7,243139,1243206,236653
1217,309,9722,0.026676099,0.003496816,341,7,243139,1854832,6486
131,604,9723,0.760398986,0.106099246,359,7,793611,6842132,603461
805,354,9723,0.003170319,0.002434229,359,7,793611,1591236,2516
1333,331,9723,0.236430695,0.209514898,359,7,793611,895563,187634
121,332.01,9724,0.000117304,4.53E-05,356,7,375095,970829,44
296,604,9724,0.000607846,4.01E-05,356,7,375095,6842132,228
481,330,9724,0.000354577,8.79E-05,356,7,375095,1512503,133
1370,331,9724,0.998920274,0.418384392,356,7,375095,895563,374690
64,330,9725,5.24183E-05,1.85E-05,357,7,534165,1512503,28
305,308,9725,0.000132918,5.71E-05,357,7,534165,1243206,71
391,604,9725,7.48832E-06,7.03E-07,357,7,534165,6842132,4
633,332.01,9725,0.446895622,0.245888823,357,7,534165,970829,238716
671,309,9725,0.005943856,0.001711747,357,7,534165,1854832,3175
1395,331,9725,0.546967697,0.326242457,357,7,534165,895563,292171
536,332.01,9726,0.876543431,0.303167705,358,7,335778,970829,294324
840,331,9726,0.115868223,0.043443015,358,7,335778,895563,38906
1380,309,9726,0.007585369,0.001373172,358,7,335778,1854832,2547
54,332.01,9727,0.000397402,9.58E-05,325,7,234020,970829,93
245,308,9727,0.000111102,2.09E-05,325,7,234020,1243206,26
1372,309,9727,0.999491497,0.12610374,325,7,234020,1854832,233901
966,309,9728,1,0.19011338,327,7,352628,1854832,352628
211,309,9729,0.475337782,0.090606147,340,7,353557,1854832,168059
334,308,9729,0.524662219,0.149209383,340,7,353557,1243206,185498
800,306,9731,0.210340431,0.075582744,339,7,187439,521628,39426
1013,308,9731,0.789659569,0.119057501,339,7,187439,1243206,148013
238,306,9732,1,0.03136149,338,7,16359,521628,16359
588,306,9733,0.996462913,0.128538208,337,7,67287,521628,67049
1399,217,9733,0.003551949,0.00019437,337,7,67287,1229615,239
297,310,9734,0.244878104,0.069097755,370,7,231262,819579,56631
946,309,9734,0.755121896,0.094149329,370,7,231262,1854832,174631
193,307,9735,0.736748669,0.141381447,369,7,276576,1441257,203767
598,308,9735,0.199869114,0.044464875,369,7,276576,1243206,55279
1118,310,9735,0.063382217,0.021389056,369,7,276576,819579,17530
583,310,9736,0.670672391,0.160500892,334,7,196136,819579,131543
1079,307,9736,0.329332708,0.044817822,334,7,196136,1441257,64594
140,307,9737,1,0.117977571,333,7,170036,1441257,170036
16,332.03,9738,6.50181E-06,7.56E-05,321,7,5075509,436410,33
37,604,9738,0.998069947,0.890643024,321,7,5075509,6842132,5065713
55,332.04,9738,2.30519E-05,0.000313687,321,7,5075509,372983,117
190,313.02,9738,0.00182957,0.013542444,321,7,5075509,685810,9286
602,331,9738,3.72376E-05,0.00021104,321,7,5075509,895563,189
1034,332.01,9738,1.65501E-05,8.65E-05,321,7,5075509,970829,84
1193,354,9738,1.71411E-05,8.42E-05,321,7,5075509,1591236,87
298,332.03,9739,0.023155277,0.010923239,360,7,205871,436410,4767
553,332.04,9739,0.843887677,0.465790666,360,7,205871,372983,173732
1074,604,9739,5.82889E-05,2.11E-06,360,7,205871,6842132,12
1422,332.01,9739,0.132898757,0.0281821,360,7,205871,970829,27360
549,332.04,9741,0.009738763,0.010764566,322,7,412270,372983,4015
653,332.01,9741,0.988097606,0.419603246,322,7,412270,970829,407363
826,309,9741,0.001802217,0.000400576,322,7,412270,1854832,743
1065,604,9741,0.000361414,2.62E-05,322,7,412270,6842132,149
141,309,9742,0.96081458,0.116449486,324,7,224803,1854832,215994
276,332.01,9742,0.000511559,0.000118455,324,7,224803,970829,115
640,313.01,9742,0.038455892,0.019143428,324,7,224803,451590,8645
769,332.04,9742,0.000217969,0.000131373,324,7,224803,372983,49
267,604,9743,0.051089235,0.002956378,361,7,329130,6842132,16815
823,332.04,9743,0.00017926,0.000158184,361,7,329130,372983,59
982,332.03,9743,0.948731504,0.715512283,361,7,329130,436410,312256
741,332.03,9744,0.404377787,0.115100743,362,7,124218,436410,50231
1071,332.04,9744,0.595622213,0.198365609,362,7,124218,372983,73987
212,313.01,9745,0.000248941,0.000117363,363,7,212902,451590,53
330,309,9745,0.052897577,0.006071715,363,7,212902,1854832,11262
792,332.01,9745,0.012822801,0.00281203,363,7,212902,970829,2730
810,332.04,9745,0.568449334,0.324475914,363,7,212902,372983,121024
811,313.02,9745,0.040910842,0.012702422,363,7,212902,685810,8710
1178,332.03,9745,0.324665809,0.158388118,363,7,212902,436410,69122
271,309,9746,1,0.206819493,364,7,383615,1854832,383615
65,313.01,9747,8.22622E-05,5.31E-05,365,7,291750,451590,24
294,309,9747,0.751365896,0.118183877,365,7,291750,1854832,219211
715,312.01,9747,0.248551842,0.141600714,365,7,291750,512110,72515
7,310,9748,0.562737383,0.130883211,326,7,190620,819579,107269
628,309,9748,0.433154968,0.044515131,326,7,190620,1854832,82568
1211,312.01,9748,0.004102403,0.001527019,326,7,190620,512110,782
196,310,9749,0.005096099,0.000880941,353,7,141677,819579,722
428,312.01,9749,0.994903901,0.275244137,353,7,141677,512110,140955
68,312.01,9751,0.003666211,0.002893915,354,7,404232,512110,1482
1049,311,9751,9.89531E-06,3.71E-06,354,7,404232,1078429,4
1198,310,9751,0.996323893,0.491406553,354,7,404232,819579,402746
1166,310,9752,0.627790899,0.125840372,366,7,164284,819579,103136
1291,311,9752,0.372209101,0.056700945,366,7,164284,1078429,61148
574,312.02,9753,0.052588325,0.07486313,367,7,440478,309419,23164
680,312.01,9753,0.03375424,0.029032882,367,7,440478,512110,14868
1205,311,9753,0.913657436,0.373177675,367,7,440478,1078429,402446
944,311,9754,1,0.136711701,355,7,147434,1078429,147434
172,311,9755,0.9214309,0.104854279,328,7,122720,1078429,113078
551,255,9755,0.0785691,0.008956272,328,7,122720,1076563,9642
1202,313.02,9756,1,0.335994376,323,7,230390,685810,230390
361,255,9801,1,0.096603639,404,8,104000,1076563,104000
907,179.02,9900,1,0.030831818,603,,91651,126558522,91651
1115,255,9901,1,0.011294266,432,8,12159,1076563,12159
911,255,9902,1,0.013306222,329,7,14325,1076563,14325