,AGE,,,,,,SEX,,,EDUCATIONAL ATTAINMENT,,,,,,,,,,POVERTY STATUS,,,,HOUSEHOLD INCOME (IN 2021 INFLATION-ADJUSTED DOLLARS),,
Tract,,Total,18 to 29 years,30 to 44 years,45 to 64 years,65 years and over,,Male,Female,,Less than 9th grade,"9th to 12th grade, no diploma",High school graduate (includes equivalency),"Some college, no degree",Associate's degree,Bachelor's degree,Graduate or professional degree,High school degree or higher,Bachelor's degree or higher,,"Total Citizens, 18 years and older, for whom poverty status is determined",Income in the past 12 months below poverty level,Income in the past 12 months at or above the poverty level,,"Median Household Income for Households with a Citizen, Voting-Age Householder",
101.01,,1457,245,476,300,436,,720,737,,96,24,155,138,86,650,308,1337,958,,1457,213,1244,,62941,
101.02,,1338,281,327,343,387,,533,805,,161,42,108,366,163,197,301,1135,498,,1338,146,1192,,29275,
102.01,,2254,589,683,538,444,,1115,1139,,51,0,100,301,36,1022,744,2203,1766,,2254,143,2111,,165302,
102.02,,1742,368,694,337,343,,881,861,,36,0,23,169,40,876,598,1706,1474,,1742,105,1637,,190938,
103,,3615,749,933,1144,789,,1905,1710,,123,20,343,297,160,1627,1045,3472,2672,,3615,157,3458,,136675,
104.01,,1609,247,617,512,233,,833,776,,53,8,174,140,22,638,574,1548,1212,,1609,208,1401,,115341,
104.02,,1856,290,530,618,418,,1021,835,,140,23,14,156,71,908,544,1693,1452,,1856,84,1772,,218521,
105,,2356,379,453,664,860,,1190,1166,,55,64,304,218,64,710,941,2237,1651,,2356,337,2019,,155913,
106,,2498,737,507,621,633,,1484,1014,,269,142,225,646,52,876,288,2087,1164,,2498,296,2202,,53063,
107.01,,2206,343,152,601,1110,,740,1466,,953,295,417,131,33,263,114,958,377,,2206,695,1511,,19898,
107.02,,1161,198,434,288,241,,346,815,,103,37,149,209,96,352,215,1021,567,,1161,126,1035,,74010,
108,,4381,858,1553,845,1125,,2278,2103,,424,135,373,247,222,1799,1181,3822,2980,,4381,474,3907,,112262,
109.01,,1558,573,350,356,279,,613,945,,33,0,91,71,40,758,565,1525,1323,,1558,127,1431,,153023,
109.02,,2123,671,622,270,560,,925,1198,,86,67,212,162,17,1020,559,1970,1579,,2123,169,1954,,126180,
110.01,,2162,462,810,498,392,,983,1179,,71,120,221,193,39,877,641,1971,1518,,2162,212,1950,,108500,
110.02,,1880,334,672,574,300,,955,925,,217,86,383,191,37,675,291,1577,966,,1880,208,1672,,128036,
111.01,,2202,407,729,476,590,,1096,1106,,258,148,171,230,48,903,444,1796,1347,,2202,199,2003,,111081,
111.02,,1353,206,506,292,349,,747,606,,161,1,132,145,126,586,202,1191,788,,1318,239,1079,,77615,
112,,2567,654,669,687,557,,1322,1245,,49,42,233,325,73,1118,727,2476,1845,,2567,190,2377,,137368,
113,,1998,406,367,433,792,,909,1089,,496,225,255,133,172,490,227,1277,717,,1966,480,1486,,43438,
117,,1217,139,431,389,258,,666,551,,110,80,66,196,11,467,287,1027,754,,1173,192,981,,101898,
118,,1074,216,265,255,338,,476,598,,206,130,211,72,45,231,179,738,410,,1074,254,820,,40393,
119.01,,1769,424,536,496,313,,1036,733,,25,39,129,390,147,708,331,1705,1039,,1613,129,1484,,99185,
119.02,,2343,557,750,477,559,,1084,1259,,318,5,234,294,115,913,464,2020,1377,,2343,190,2153,,76844,
120.01,,1561,356,468,555,182,,1019,542,,31,19,49,370,215,588,289,1511,877,,1536,195,1341,,68340,
120.02,,1656,470,701,401,84,,1057,599,,104,11,207,282,45,798,209,1541,1007,,1656,270,1386,,83348,
121,,3138,1111,1326,478,223,,1654,1484,,81,10,420,480,217,1508,422,3047,1930,,2758,392,2366,,92313,
122.02,,2159,239,663,788,469,,1404,755,,29,141,544,625,123,496,201,1989,697,,2159,673,1486,,43643,
122.03,,1495,28,801,379,287,,1085,410,,238,82,175,426,17,346,211,1175,557,,1495,731,764,,30375,
122.04,,2039,595,573,541,330,,1062,977,,91,122,179,417,235,770,225,1826,995,,2039,298,1741,,57929,
123.01,,1220,54,297,480,389,,690,530,,218,155,162,313,149,113,110,847,223,,1220,422,798,,22298,
123.02,,1871,432,631,553,255,,1020,851,,39,93,277,502,114,596,250,1739,846,,1871,418,1453,,47000,
124.03,,1360,336,225,473,326,,739,621,,126,206,324,274,0,326,104,1028,430,,1360,334,1026,,26493,
124.04,,1884,155,492,868,369,,1200,684,,67,307,481,283,350,285,111,1510,396,,1884,562,1322,,24681,
124.05,,2713,788,1280,467,178,,1552,1161,,36,63,256,216,65,1398,679,2614,2077,,2427,283,2144,,116546,
124.06,,1235,223,206,519,287,,595,640,,57,52,314,63,240,289,220,1126,509,,1235,263,972,,31065,
125.02,,2629,377,547,724,981,,1712,917,,430,215,783,717,136,234,114,1984,348,,2446,781,1665,,19072,
125.03,,2080,437,323,970,350,,1140,940,,39,247,739,552,76,345,82,1794,427,,2000,470,1530,,29830,
125.04,,521,14,42,175,290,,264,257,,230,116,0,70,25,80,0,175,80,,521,119,402,,22911,
126.01,,1759,528,650,395,186,,712,1047,,10,10,35,63,86,1020,535,1739,1555,,1759,85,1674,,164427,
126.02,,2243,666,837,493,247,,978,1265,,48,11,84,182,61,1279,578,2184,1857,,2243,81,2162,,200750,
127,,3516,762,1342,961,451,,1660,1856,,21,0,112,255,170,1720,1238,3495,2958,,3516,196,3320,,217194,
128.01,,1825,342,558,442,483,,751,1074,,36,39,58,85,28,919,660,1750,1579,,1825,32,1793,,221098,
128.02,,1424,706,362,202,154,,860,564,,0,0,17,105,0,884,418,1424,1302,,1424,29,1395,,222364,
129.01,,2041,598,856,390,197,,960,1081,,13,1,99,33,47,1112,736,2027,1848,,2039,84,1955,,200852,
129.02,,3118,1061,1044,496,517,,1260,1858,,0,0,338,332,47,1793,608,3118,2401,,3051,59,2992,,179167,
130.01,,1537,539,560,267,171,,791,746,,0,0,55,96,18,1072,296,1537,1368,,1537,134,1403,,147308,
130.02,,2147,678,898,394,177,,820,1327,,0,8,0,67,43,1407,622,2139,2029,,2147,123,2024,,191736,
131.01,,3229,913,1341,641,334,,1467,1762,,39,15,104,301,145,1626,999,3175,2625,,3163,83,3080,,218235,
131.02,,2325,408,1067,459,391,,1005,1320,,0,0,80,228,11,999,1007,2325,2006,,2287,72,2215,,232880,
132,,3453,623,765,1187,878,,1822,1631,,52,0,37,242,153,1647,1322,3401,2969,,3433,168,3265,,199191,
133,,3371,588,718,1048,1017,,1529,1842,,147,43,213,258,38,1493,1179,3181,2672,,3350,363,2987,,174239,
134.01,,1240,255,492,270,223,,467,773,,4,0,24,67,113,475,557,1236,1032,,1208,59,1149,,183450,
134.02,,1886,372,433,637,444,,861,1025,,0,0,20,103,71,868,824,1886,1692,,1886,20,1866,,176000,
135,,2067,376,719,638,334,,915,1152,,0,17,131,95,77,1039,708,2050,1747,,2067,124,1943,,142050,
151,,2291,439,707,472,673,,1011,1280,,21,23,102,259,35,1173,678,2247,1851,,2273,211,2062,,123315,
152.01,,1401,149,480,288,484,,701,700,,156,31,110,187,46,421,450,1214,871,,1401,285,1116,,72759,
152.02,,1889,377,683,409,420,,1075,814,,34,5,219,476,62,591,502,1850,1093,,1811,168,1643,,158056,
153,,1817,502,594,417,304,,1043,774,,79,45,64,127,85,957,460,1693,1417,,1710,75,1635,,164893,
154.01,,2590,614,808,574,594,,1346,1244,,0,7,64,259,187,1437,636,2583,2073,,2590,207,2383,,117885,
154.02,,1950,206,914,553,277,,795,1155,,0,16,16,277,21,990,630,1934,1620,,1950,12,1938,,182106,
155,,3254,563,738,564,1389,,1488,1766,,122,63,481,471,149,1148,820,3069,1968,,3218,495,2723,,79906,
156,,2412,428,504,679,801,,1141,1271,,142,69,189,383,81,979,569,2201,1548,,2412,352,2060,,78250,
157.01,,4409,2843,714,542,310,,1835,2574,,37,49,795,1496,190,1402,440,4323,1842,,2663,313,2350,,126791,
157.02,,2669,485,1222,667,295,,1473,1196,,0,39,170,231,10,1297,922,2630,2219,,2667,67,2600,,193077,
158.01,,2607,511,767,715,614,,1308,1299,,183,241,407,453,150,795,378,2183,1173,,2607,529,2078,,113911,
158.02,,3094,977,1226,587,304,,1709,1385,,14,77,191,284,94,1460,974,3003,2434,,3094,462,2632,,143233,
159,,3164,746,650,975,793,,1689,1475,,86,126,318,418,111,1520,585,2952,2105,,3104,375,2729,,117750,
160,,1963,235,605,507,616,,972,991,,44,38,129,234,218,570,730,1881,1300,,1963,327,1636,,112014,
161.01,,1861,359,325,346,831,,795,1066,,0,162,294,482,11,454,458,1699,912,,1861,544,1317,,25041,
161.02,,1784,267,328,589,600,,800,984,,181,318,498,404,42,176,165,1285,341,,1784,828,956,,21388,
162,,2748,803,980,699,266,,1742,1006,,0,70,513,300,61,1033,771,2678,1804,,2748,291,2457,,144803,
163,,3316,689,1125,1085,417,,1662,1654,,18,163,265,346,190,1254,1080,3135,2334,,3316,382,2934,,125313,
164,,3444,960,1438,742,304,,1759,1685,,36,39,269,528,57,1740,775,3369,2515,,3291,273,3018,,183810,
165,,4300,1269,1754,719,558,,2003,2297,,213,173,165,529,87,2059,1074,3914,3133,,4111,589,3522,,151484,
166.01,,2592,626,1122,468,376,,1571,1021,,17,118,200,284,62,1410,501,2457,1911,,2592,318,2274,,164750,
166.02,,2113,854,909,299,51,,1247,866,,0,25,72,175,60,1347,434,2088,1781,,2113,154,1959,,193219,
167,,4753,1304,2154,958,337,,2779,1974,,0,30,135,453,241,2313,1581,4723,3894,,4753,212,4541,,217841,
168.01,,3361,652,1624,845,240,,2062,1299,,12,55,171,341,184,1711,887,3294,2598,,3361,250,3111,,159318,
168.02,,3042,815,1194,743,290,,1502,1540,,0,89,293,708,102,1055,795,2953,1850,,3042,325,2717,,89602,
169,,2479,437,965,825,252,,1613,866,,21,16,198,270,117,1087,770,2442,1857,,2460,207,2253,,140345,
170,,3641,245,1476,1333,587,,2347,1294,,33,7,250,264,19,1689,1379,3601,3068,,3641,143,3498,,228952,
171.01,,3144,405,1415,845,479,,1681,1463,,24,60,80,258,120,1342,1260,3060,2602,,3144,163,2981,,178894,
171.02,,2656,597,996,701,362,,1230,1426,,3,59,152,292,52,1186,912,2594,2098,,2655,163,2492,,178016,
176.02,,2559,642,856,881,180,,1698,861,,30,242,353,806,160,838,130,2287,968,,2559,396,2163,,52250,
176.03,,3175,480,1306,982,407,,1811,1364,,15,27,487,880,71,1073,622,3133,1695,,3138,545,2593,,82827,
176.04,,2128,705,703,602,118,,1579,549,,32,123,373,367,233,724,276,1973,1000,,2128,269,1859,,65343,
177,,1462,227,707,422,106,,854,608,,27,22,129,191,81,637,375,1413,1012,,1462,68,1394,,155893,
178.01,,2999,236,519,604,1640,,1426,1573,,588,292,302,489,74,723,531,2119,1254,,2999,652,2347,,26362,
178.03,,1319,294,543,346,136,,961,358,,49,34,236,212,90,482,216,1236,698,,1319,180,1139,,83304,
178.04,,2914,739,1259,705,211,,1592,1322,,40,38,94,325,170,1524,723,2836,2247,,2914,284,2630,,136939,
179.03,,2004,1004,619,303,78,,1115,889,,5,202,635,515,99,482,66,1797,548,,2004,940,1064,,87542,
180,,2748,680,1043,812,213,,1739,1009,,12,109,377,443,80,1043,684,2627,1727,,2549,558,1991,,178125,
201.01,,2493,338,1153,779,223,,1441,1052,,81,29,347,173,115,1247,501,2383,1748,,2493,344,2149,,102917,
201.02,,2224,268,840,860,256,,1524,700,,234,120,299,365,130,657,419,1870,1076,,2224,520,1704,,53300,
202.01,,1644,309,703,428,204,,947,697,,65,92,126,87,82,713,479,1487,1192,,1644,222,1422,,144276,
202.02,,3288,1093,899,868,428,,1839,1449,,24,47,565,262,263,1672,455,3217,2127,,3288,580,2708,,138309,
203,,3076,507,1159,1100,310,,1989,1087,,63,50,130,298,52,1396,1087,2963,2483,,3076,235,2841,,183068,
204.01,,2716,410,762,1222,322,,1689,1027,,10,20,131,259,143,1361,792,2686,2153,,2716,87,2629,,157206,
204.02,,3664,819,1032,1138,675,,2316,1348,,17,0,265,494,224,1742,922,3647,2664,,3664,329,3335,,126897,
205,,2301,197,864,940,300,,1631,670,,0,25,141,265,89,760,1021,2276,1781,,2282,96,2186,,236719,
206.01,,2602,306,777,1224,295,,1813,789,,117,20,122,402,112,983,846,2465,1829,,2602,176,2426,,148365,
206.02,,2211,333,529,843,506,,1263,948,,6,25,14,179,21,1001,965,2180,1966,,2211,178,2033,,148828,
207.01,,2422,247,1014,1017,144,,1177,1245,,0,13,43,111,26,1196,1033,2409,2229,,2422,166,2256,,250000,
207.02,,1593,206,675,398,314,,813,780,,67,0,134,205,81,709,397,1526,1106,,1593,175,1418,,96786,
208.01,,2528,741,787,668,332,,1319,1209,,271,181,193,315,54,992,522,2076,1514,,2528,278,2250,,86964,
208.02,,2100,1007,628,354,111,,1434,666,,0,139,173,249,0,979,560,1961,1539,,2100,217,1883,,132674,
209,,2938,614,1244,699,381,,1382,1556,,122,184,157,400,89,1326,660,2632,1986,,2938,392,2546,,119851,
210,,3210,570,1297,792,551,,1695,1515,,80,8,164,370,206,1427,955,3122,2382,,3210,250,2960,,156375,
211,,2859,465,927,930,537,,1539,1320,,17,10,246,174,36,1247,1129,2832,2376,,2859,93,2766,,194875,
212,,2289,327,797,721,444,,1242,1047,,0,24,78,353,61,846,927,2265,1773,,2286,48,2238,,173190,
213,,1861,141,740,638,342,,1139,722,,28,0,106,230,35,916,546,1833,1462,,1861,105,1756,,167787,
214,,2962,475,1092,805,590,,1580,1382,,30,39,185,297,259,1095,1057,2893,2152,,2962,226,2736,,198485,
215,,4378,655,1914,1427,382,,2099,2279,,82,79,329,361,202,1444,1881,4217,3325,,4378,266,4112,,237372,
216,,3145,378,924,1121,722,,1615,1530,,14,0,244,322,146,1142,1277,3131,2419,,3145,66,3079,,193750,
217,,3073,421,628,1298,726,,1289,1784,,61,22,119,468,145,1127,1131,2990,2258,,3073,113,2960,,146701,
218,,3109,531,1124,899,555,,1580,1529,,12,52,236,252,186,1168,1203,3045,2371,,3109,215,2894,,190634,
226,,2612,600,1291,593,128,,1506,1106,,0,9,65,326,73,982,1157,2603,2139,,2612,34,2578,,223375,
227.02,,1623,410,656,450,107,,806,817,,49,35,20,128,25,836,530,1539,1366,,1623,128,1495,,215536,
227.04,,2695,411,964,914,406,,1531,1164,,21,6,103,204,113,1202,1046,2668,2248,,2695,163,2532,,214444,
228.01,,3611,608,1389,998,616,,1846,1765,,144,193,557,447,259,1286,725,3274,2011,,3600,437,3163,,154886,
228.02,,1898,292,649,546,411,,963,935,,146,145,260,395,79,578,295,1607,873,,1563,277,1286,,106131,
228.03,,3254,754,1253,791,456,,1658,1596,,226,91,567,485,181,1207,497,2937,1704,,3229,287,2942,,152872,
229.01,,2467,431,994,755,287,,1181,1286,,278,193,305,249,86,967,389,1996,1356,,2467,338,2129,,117784,
229.02,,1654,309,609,428,308,,924,730,,75,55,325,207,81,531,380,1524,911,,1654,138,1516,,154423,
229.03,,2181,614,700,616,251,,1036,1145,,129,68,319,324,45,942,354,1984,1296,,2181,98,2083,,153088,
230.01,,3861,942,778,1286,855,,2030,1831,,596,512,892,664,118,955,124,2753,1079,,3861,712,3149,,76087,
230.03,,3038,462,904,1008,664,,1493,1545,,333,179,395,703,225,885,318,2526,1203,,3038,236,2802,,135081,
231.02,,2077,287,807,576,407,,922,1155,,198,203,327,801,167,246,135,1676,381,,2077,383,1694,,40881,
231.03,,2027,524,629,566,308,,787,1240,,134,334,659,607,139,96,58,1559,154,,2027,584,1443,,26919,
232,,2570,342,721,991,516,,1068,1502,,344,71,560,540,171,648,236,2155,884,,2570,201,2369,,108250,
233,,2556,384,529,969,674,,1257,1299,,428,184,552,497,200,536,159,1944,695,,2556,313,2243,,72804,
234,,2783,696,845,619,623,,1240,1543,,319,167,703,875,237,321,161,2297,482,,2783,567,2216,,80050,
251,,2565,296,1090,706,473,,1208,1357,,237,12,137,452,96,935,696,2316,1631,,2565,261,2304,,153354,
252,,3688,395,916,1709,668,,1915,1773,,120,70,510,408,104,1209,1267,3498,2476,,3688,395,3293,,147257,
253,,3445,721,1259,880,585,,1807,1638,,182,47,560,643,113,1098,802,3216,1900,,3408,164,3244,,172292,
254.01,,2533,426,916,848,343,,1267,1266,,69,25,156,383,80,1029,791,2439,1820,,2533,91,2442,,163095,
254.02,,2658,427,506,970,755,,1290,1368,,72,147,410,373,219,870,567,2439,1437,,2658,135,2523,,169293,
254.03,,2710,290,868,1013,539,,1346,1364,,141,213,410,511,168,657,610,2356,1267,,2710,111,2599,,129602,
255.01,,2514,636,250,949,679,,1225,1289,,566,39,250,206,56,1115,282,1909,1397,,2506,126,2380,,126036,
255.02,,3403,692,928,1038,745,,1821,1582,,137,208,511,824,230,982,511,3058,1493,,3403,259,3144,,170125,
256,,3643,790,805,1218,830,,1942,1701,,373,293,717,719,253,1020,268,2977,1288,,3643,156,3487,,120446,
257.01,,3663,443,835,1714,671,,2066,1597,,526,203,894,601,414,792,233,2934,1025,,3663,395,3268,,114875,
257.02,,2869,407,651,982,829,,1308,1561,,435,170,574,545,386,554,205,2264,759,,2868,263,2605,,108452,
258,,1572,313,467,541,251,,677,895,,116,260,305,342,100,309,140,1196,449,,1572,117,1455,,82273,
259,,3327,601,805,1224,697,,1635,1692,,234,156,572,673,428,920,344,2937,1264,,3327,277,3050,,129559,
260.01,,4334,965,1394,1261,714,,2287,2047,,214,431,813,1041,296,1195,344,3689,1539,,4334,486,3848,,111116,
260.02,,2721,394,693,846,788,,1199,1522,,162,301,464,458,186,800,350,2258,1150,,2367,247,2120,,129018,
260.03,,3651,624,801,1382,844,,1686,1965,,574,164,511,951,190,996,265,2913,1261,,3651,180,3471,,99583,
260.04,,2508,478,595,743,692,,1262,1246,,374,197,501,472,211,591,162,1937,753,,2508,172,2336,,104647,
261,,4755,643,1169,1818,1125,,2354,2401,,527,210,942,762,442,1302,570,4018,1872,,4755,239,4516,,119250,
262.01,,2784,414,666,1040,664,,1352,1432,,309,234,608,647,296,541,149,2241,690,,2782,266,2516,,115625,
262.02,,2624,430,522,984,688,,1147,1477,,265,319,602,313,348,596,181,2040,777,,2624,96,2528,,127539,
263.01,,3994,787,926,1112,1169,,2036,1958,,476,371,889,938,220,920,180,3147,1100,,3985,661,3324,,110202,
263.02,,3701,462,995,1514,730,,1704,1997,,268,206,651,1118,461,677,320,3227,997,,3701,359,3342,,92813,
263.03,,3433,672,856,1104,801,,1702,1731,,365,321,580,729,331,905,202,2747,1107,,3361,232,3129,,76250,
264.01,,2374,379,674,675,646,,1262,1112,,328,124,764,403,184,376,195,1922,571,,2374,242,2132,,72625,
264.02,,4034,568,1134,1540,792,,2242,1792,,331,191,979,839,242,1089,363,3512,1452,,4018,331,3687,,115977,
264.03,,2915,472,542,1151,750,,1422,1493,,499,146,790,729,135,481,135,2270,616,,2892,279,2613,,77448,
264.04,,1595,315,359,572,349,,693,902,,167,197,413,331,97,325,65,1231,390,,1595,138,1457,,73816,
301.01,,4161,1807,1120,841,393,,1499,2662,,134,75,333,272,97,2106,1144,3952,3250,,4030,545,3485,,135663,
301.02,,3682,904,1176,850,752,,1805,1877,,16,0,363,339,151,1373,1440,3666,2813,,3212,302,2910,,201702,
302.01,,3107,623,993,761,730,,1413,1694,,200,77,311,385,134,1261,739,2830,2000,,3107,300,2807,,109231,
302.02,,3010,519,1109,771,611,,1754,1256,,169,22,169,359,45,1436,810,2819,2246,,3010,185,2825,,117852,
303.01,,4821,646,1442,1690,1043,,2346,2475,,198,103,457,636,112,1916,1399,4520,3315,,4771,244,4527,,161348,
303.02,,3021,558,798,877,788,,1581,1440,,80,61,233,388,165,1233,861,2880,2094,,3021,221,2800,,144545,
304,,4166,360,781,1502,1523,,1996,2170,,50,171,243,415,228,1558,1501,3945,3059,,4166,154,4012,,127119,
305,,2885,430,281,1107,1067,,1495,1390,,178,134,361,453,166,746,847,2573,1593,,2074,271,1803,,161895,
306,,1900,227,517,735,421,,941,959,,26,15,124,176,124,754,681,1859,1435,,1900,63,1837,,202083,
307,,5225,503,1303,1728,1691,,2757,2468,,86,179,384,734,233,1735,1874,4960,3609,,5225,181,5044,,174083,
308,,4482,533,1278,1709,962,,2179,2303,,133,139,504,383,153,2098,1072,4210,3170,,4451,218,4233,,176200,
309,,4937,628,996,1817,1496,,2281,2656,,175,94,320,987,429,1751,1181,4668,2932,,4923,257,4666,,170104,
310,,3023,342,685,1104,892,,1545,1478,,108,140,215,463,319,1054,724,2775,1778,,3023,176,2847,,175158,
311,,4825,912,914,1781,1218,,2386,2439,,175,318,257,468,240,2101,1266,4332,3367,,4825,149,4676,,168018,
312.01,,4741,1068,1237,1345,1091,,2228,2513,,417,252,939,1121,365,1404,243,4072,1647,,4722,544,4178,,91125,
312.02,,2142,476,677,572,417,,1058,1084,,310,156,286,412,116,636,226,1676,862,,2142,156,1986,,137639,
313.01,,3193,631,695,901,966,,1756,1437,,202,80,416,702,374,970,449,2911,1419,,3193,302,2891,,94063,
313.02,,4131,1064,790,1477,800,,2085,2046,,326,222,525,775,245,1405,633,3583,2038,,4131,489,3642,,110761,
314.01,,1472,248,362,432,430,,739,733,,197,117,278,333,76,302,169,1158,471,,1472,95,1377,,89896,
314.02,,2918,585,942,913,478,,1385,1533,,189,116,669,533,271,773,367,2613,1140,,2914,186,2728,,127455,
326.01,,3656,685,1193,1070,708,,1789,1867,,435,100,261,577,410,1419,454,3121,1873,,3656,473,3183,,115125,
326.02,,3542,821,747,1238,736,,1755,1787,,220,278,361,460,245,1288,690,3044,1978,,3542,154,3388,,130948,
327,,5526,746,1524,1668,1588,,2696,2830,,248,501,506,838,319,2198,916,4777,3114,,5526,236,5290,,155132,
328.01,,3355,567,734,1067,987,,1659,1696,,279,236,396,433,262,1227,522,2840,1749,,3233,169,3064,,124423,
328.02,,3842,890,741,1117,1094,,1754,2088,,218,112,544,653,318,1455,542,3512,1997,,3842,405,3437,,118523,
329.01,,3917,560,948,1351,1058,,1873,2044,,226,69,623,647,353,1465,534,3622,1999,,3898,103,3795,,139555,
329.02,,3156,366,682,1171,937,,1598,1558,,227,135,668,415,125,1167,419,2794,1586,,3156,233,2923,,101813,
330.01,,3201,707,568,925,1001,,1778,1423,,128,175,252,289,287,1643,427,2898,2070,,3184,186,2998,,135625,
330.02,,3244,592,837,1208,607,,1724,1520,,105,30,474,445,341,1292,557,3109,1849,,3236,116,3120,,203068,
331,,2869,361,624,1122,762,,1399,1470,,151,54,259,373,286,1103,643,2664,1746,,2850,103,2747,,152813,
332.01,,3764,3192,243,239,90,,1458,2306,,0,0,1268,1789,113,428,166,3764,594,,1413,546,867,,53654,
332.03,,2369,721,542,685,421,,1031,1338,,60,69,357,802,178,539,364,2240,903,,2369,322,2047,,55568,
332.04,,3370,1105,785,592,888,,1864,1506,,216,61,301,992,99,1292,409,3093,1701,,3370,708,2662,,103125,
351.01,,3380,668,1021,1014,677,,1796,1584,,156,43,221,647,427,1264,622,3181,1886,,3380,508,2872,,113000,
351.02,,3141,400,876,1162,703,,1475,1666,,253,189,305,549,177,1200,468,2699,1668,,3141,110,3031,,169081,
352.01,,4392,486,1331,1452,1123,,2277,2115,,467,83,703,889,248,1303,699,3842,2002,,4392,299,4093,,118476,
352.02,,3770,733,1181,1092,764,,2093,1677,,189,90,729,651,193,1416,502,3491,1918,,3770,193,3577,,97455,
353,,5555,628,1704,1752,1471,,2748,2807,,406,272,618,909,513,1829,1008,4877,2837,,5555,205,5350,,137125,
354,,5927,678,2164,1778,1307,,2916,3011,,145,514,1188,778,276,2027,999,5268,3026,,5927,736,5191,,122302,
401,,3238,735,1122,861,520,,1515,1723,,114,58,140,523,138,1402,863,3066,2265,,3198,261,2937,,136771,
402,,4370,638,1496,1181,1055,,1914,2456,,193,347,136,445,315,2083,851,3830,2934,,4370,209,4161,,139318,
426.01,,3428,717,1034,915,762,,1744,1684,,111,51,294,701,175,1370,726,3266,2096,,3428,460,2968,,102824,
426.02,,2132,250,734,518,630,,1029,1103,,69,31,97,290,72,813,760,2032,1573,,2132,107,2025,,143646,
427,,4050,585,892,1438,1135,,1942,2108,,165,246,259,780,162,1547,891,3639,2438,,4050,383,3667,,106854,
428,,1741,140,301,708,592,,836,905,,31,15,55,108,55,662,815,1695,1477,,1741,41,1700,,235588,
451,,3973,844,1717,823,589,,2048,1925,,35,71,365,366,246,1691,1199,3867,2890,,3916,222,3694,,176444,
452.01,,2745,672,752,726,595,,1323,1422,,290,65,135,323,10,1394,528,2390,1922,,2734,84,2650,,164208,
452.02,,2347,516,936,586,309,,1237,1110,,68,18,106,305,162,864,824,2261,1688,,2347,267,2080,,142539,
476,,3791,582,1061,1316,832,,2000,1791,,135,104,274,418,330,1538,992,3552,2530,,3791,90,3701,,138450,
477.01,,3887,766,1235,1074,812,,1785,2102,,192,78,259,461,200,1949,748,3617,2697,,3887,400,3487,,107102,
477.02,,2718,428,598,974,718,,1270,1448,,112,50,236,430,266,1008,616,2556,1624,,2718,133,2585,,103636,
478.01,,3341,532,974,1090,745,,1689,1652,,240,104,314,354,168,1445,716,2997,2161,,3340,218,3122,,152273,
478.02,,2743,787,466,896,594,,1221,1522,,198,198,323,533,194,861,436,2347,1297,,2743,407,2336,,97105,
479.02,,2755,330,952,755,718,,1487,1268,,31,84,166,559,310,948,657,2640,1605,,2755,137,2618,,138824,
479.03,,3359,708,902,913,836,,1395,1964,,364,45,530,451,211,1300,458,2950,1758,,3359,508,2851,,130288,
479.04,,2401,524,546,711,620,,1025,1376,,28,97,269,618,140,753,496,2276,1249,,2395,404,1991,,79449,
601,,2779,697,1197,724,161,,1152,1627,,15,32,182,231,49,1379,891,2732,2270,,2779,105,2674,,220909,
604,,1134,117,432,257,328,,579,555,,0,14,152,154,137,417,260,1120,677,,1134,39,1095,,74496,
605.02,,2068,501,637,716,214,,995,1073,,178,205,677,517,127,318,46,1685,364,,2068,499,1569,,29500,
607.01,,4286,842,2081,826,537,,1987,2299,,150,311,371,456,98,1126,1774,3825,2900,,4193,373,3820,,169811,
607.02,,1145,86,619,243,197,,547,598,,0,0,331,305,29,427,53,1145,480,,1145,162,983,,88857,
607.03,,4057,1233,1778,748,298,,1914,2143,,186,0,200,696,11,1481,1483,3871,2964,,3848,228,3620,,183233,
610,,3244,627,871,1129,617,,1614,1630,,309,155,554,791,197,881,357,2780,1238,,3244,160,3084,,87375,
611.01,,942,28,95,392,427,,396,546,,283,227,142,35,41,161,53,432,214,,942,328,614,,15612,
611.02,,1237,241,247,183,566,,583,654,,406,126,202,123,50,299,31,705,330,,1237,364,873,,37951,
612,,2732,454,779,753,746,,1356,1376,,363,165,730,573,131,517,253,2204,770,,2732,436,2296,,97714,
614.01,,2448,328,858,817,445,,1194,1254,,21,238,283,207,118,1060,521,2189,1581,,2448,288,2160,,149479,
614.02,,1790,558,548,488,196,,737,1053,,0,28,198,236,0,809,519,1762,1328,,1790,0,1790,,161402,
615.01,,1545,208,480,649,208,,817,728,,0,0,43,139,203,813,347,1545,1160,,1545,203,1342,,250000,
615.02,,1188,270,407,209,302,,549,639,,0,0,221,131,0,536,300,1188,836,,1188,140,1048,,57554,
615.03,,2500,1080,648,694,78,,1642,858,,0,0,304,283,0,1354,559,2500,1913,,2500,598,1902,,250000,
615.04,,900,215,447,238,0,,553,347,,0,0,54,117,11,242,476,900,718,,777,0,777,,250000,
615.05,,586,0,313,143,130,,343,243,,40,0,0,35,0,268,243,546,511,,586,0,586,,250000,
615.06,,3210,723,1829,438,220,,1709,1501,,0,0,49,78,26,1730,1327,3210,3057,,3210,40,3170,,250000,
615.07,,655,429,0,118,108,,278,377,,0,0,50,251,0,199,155,655,354,,655,37,618,,170212,
615.08,,1538,340,210,772,216,,840,698,,37,40,82,333,13,388,645,1461,1033,,1538,169,1369,,155927,
9802,,171,0,12,21,138,,171,0,,21,12,43,20,2,30,43,138,73,,0,0,0,,-,
9803,,19,4,15,0,0,,10,9,,0,0,0,0,5,10,4,19,14,,19,0,19,,148750,
9804.01,,0,0,0,0,0,,0,0,,0,0,0,0,0,0,0,0,0,,0,0,0,,-,
9805.01,,99,0,0,0,99,,0,99,,71,28,0,0,0,0,0,0,0,,99,94,5,,11316,
9806,,639,164,228,198,49,,307,332,,40,38,126,164,34,142,95,561,237,,639,32,607,,126071,
9809,,234,75,88,37,34,,165,69,,12,20,5,30,18,109,40,202,149,,234,47,187,,74333,
9901,,0,0,0,0,0,,0,0,,0,0,0,0,0,0,0,0,0,,0,0,0,,-,
9902,,0,0,0,0,0,,0,0,,0,0,0,0,0,0,0,0,0,,0,0,0,,-,
