precinct_id,rate_overvote,Less than 9th grade,"9th to 12th grade, no diploma",High school graduate (includes equivalency),"Some college, no degree",Associate's degree,Bachelor's degree,Graduate or professional degree
1101,0.006611570247933884,0.11869992875249312,0.041777570982007184,0.12957291122432824,0.1738836712253996,0.048951959604554736,0.3532888526830304,0.1338251055281867
1102,0.0018957345971563982,0.11866592306185905,0.04178788374623985,0.12986907227420427,0.17382476555221127,0.04914211131511461,0.35294542695552056,0.13376481709485025
1103,0.0029498525073746312,0.11881020787561265,0.04174412709143147,0.12861247253675848,0.17407470001690045,0.04833530505323644,0.35440256886935945,0.13402061855670103
1104,0.009107468123861567,0.11881020787561264,0.041744127091431465,0.12861247253675848,0.17407470001690045,0.04833530505323644,0.3544025688693595,0.13402061855670103
1105,0.009107468123861567,0.118808267435545,0.041748698024216754,0.12862053147946975,0.1740774519885731,0.04833779977084297,0.3543937761249101,0.13401347517644216
1106,0.0012004801920768306,0.07209111006857347,0.04123390871645106,0.12848058675306076,0.20166572576370848,0.08451669929864034,0.32427688506670865,0.14773508433285742
1107,0.0012422360248447205,0.07209175314036045,0.04123429819770617,0.1284817039868924,0.20166575641725834,0.08451665756417258,0.3242763517203714,0.14773347897323866
1108,0.0,0.0767618897432703,0.04374717742316345,0.13537497326585798,0.20459869557117288,0.08247830153162788,0.32039130732869175,0.1366476551362158
1109,0.002288329519450801,0.10562254830742408,0.05927647827981985,0.17797472032543948,0.2227226500072643,0.06988231875635624,0.2963823913990992,0.06813889292459684
1111,0.0018034265103697023,0.1056225483074241,0.05927647827981986,0.1779747203254395,0.2227226500072643,0.06988231875635625,0.2963823913990993,0.06813889292459684
1112,0.0,0.10580357005879887,0.05875055357455515,0.17867497077478342,0.22054858686554296,0.0706853067394391,0.2955973172471264,0.06993969473975414
1113,0.00477326968973747,0.11082863773161189,0.04417147768773027,0.19810266671114912,0.1602645451440969,0.09295004464309195,0.27381588752686387,0.119866740555456
1114,0.003770028275212064,0.11081091994492331,0.04423626945019129,0.1980592778139274,0.16036676479725398,0.09290493880304167,0.2738134357386734,0.11980839345198899
1115,0.0040609137055837565,0.07209175314036044,0.041234298197706166,0.12848170398689238,0.2016657564172583,0.08451665756417258,0.32427635172037134,0.14773347897323866
1116,0.004153686396677051,0.07209175314036045,0.04123429819770617,0.1284817039868924,0.2016657564172583,0.08451665756417258,0.32427635172037134,0.14773347897323866
1117,0.0010976948408342481,0.08416510276150466,0.050262135275163725,0.19499292636144827,0.1983116424327817,0.08034359019417862,0.26373815836976705,0.12818644460515594
1118,0.0,0.08792710706150339,0.05307517084282459,0.21571753986332567,0.1972665148063781,0.07904328018223233,0.24487471526195898,0.12209567198177675
1119,0.001218026796589525,0.10384096427397768,0.061873891165785296,0.1860080654953115,0.21545223684354034,0.07517069132356598,0.2835736044193501,0.07408054647846914
1121,0.00130718954248366,0.1080020009432517,0.07918895712197345,0.21356339165985844,0.1706602769531257,0.10870798533100377,0.23548745175148744,0.08438993623929966
1122,0.004398826979472141,0.11083070452155626,0.04416403785488959,0.19810725552050473,0.16025236593059936,0.09295478443743428,0.2738170347003155,0.11987381703470032
1123,0.004044489383215369,0.08642545883161608,0.051952314635353096,0.2074450668147957,0.19768368978148274,0.07956231420559713,0.2524042802740006,0.12452687545715471
1124,0.0011560693641618498,0.08888997384940132,0.05567536012138641,0.2161418255060072,0.19622223997564123,0.08116017434445179,0.24304379145790597,0.11886663474520617
1125,0.0033500837520938024,0.10254319656805724,0.0937882792134212,0.21893227163963544,0.1809012047105333,0.11279653068289139,0.2190628542761993,0.07197566290926212
1126,0.0027447392497712718,0.10613905325443787,0.10225591715976333,0.22374260355029588,0.1775147928994083,0.1190828402366864,0.21024408284023668,0.061020710059171604
1127,0.004835589941972921,0.10614598404089855,0.10217010037849843,0.22370473348857903,0.17748929181497083,0.11904424231773056,0.2103379965880689,0.061107651371253645
1128,0.0031380753138075313,0.10905410345946975,0.06616107631225675,0.20781414022265865,0.16678955365833945,0.10284827801479378,0.2497444674035091,0.09758838092897253
1129,0.004355400696864111,0.09965876916944959,0.08069817210370225,0.1905117067624759,0.2502667822268769,0.09094285462603323,0.22483768259963033,0.06308403251183188
1131,0.004201680672268907,0.09965851905104244,0.08069734004313445,0.190510424155284,0.25026959022286127,0.09094176851186199,0.22483824586628326,0.06308411214953272
1132,0.006255585344057194,0.09965851905104242,0.08069734004313445,0.190510424155284,0.25026959022286127,0.09094176851186198,0.2248382458662833,0.06308411214953272
1133,0.0030959752321981426,0.09965851905104242,0.08069734004313443,0.190510424155284,0.2502695902228612,0.09094176851186196,0.22483824586628326,0.06308411214953272
1134,0.002372479240806643,0.09965851905104241,0.08069734004313443,0.190510424155284,0.25026959022286127,0.09094176851186198,0.22483824586628323,0.06308411214953272
1135,0.0,0.09965851905104242,0.08069734004313443,0.19051042415528396,0.2502695902228612,0.09094176851186196,0.22483824586628326,0.0630841121495327
1136,0.002162162162162162,0.09965851905104242,0.08069734004313445,0.190510424155284,0.25026959022286127,0.09094176851186198,0.22483824586628326,0.06308411214953272
1141,0.0017605633802816902,0.10239236047641807,0.08041828054378687,0.19679828968164556,0.19735882598546395,0.0694428330059231,0.28000813690675774,0.07358127340000471
1142,0.0020387359836901123,0.10069755258305178,0.08217673435900605,0.1784355808417529,0.21581257930435802,0.06739288583547957,0.2731186010121977,0.0823660660641541
1143,0.0027397260273972603,0.10019676101104888,0.08271530195247465,0.1732253670349629,0.2211291054941728,0.06682306644467988,0.27107613137581354,0.08483426668684728
1144,0.0029585798816568047,0.10019676101104888,0.08271530195247466,0.1732253670349629,0.22112910549417286,0.06682306644467988,0.2710761313758135,0.08483426668684728
1145,0.0,0.10019676101104888,0.08271530195247463,0.17322536703496288,0.2211291054941728,0.06682306644467988,0.2710761313758135,0.08483426668684728
1146,0.0008620689655172414,0.10019685242780817,0.08271497053905065,0.17322558093694648,0.221128582155466,0.06682329109106537,0.27107615493852094,0.08483456791114248
1147,0.002107481559536354,0.1001967610110489,0.08271530195247466,0.1732253670349629,0.22112910549417286,0.06682306644467989,0.27107613137581354,0.08483426668684728
1148,0.0027447392497712718,0.1001967610110489,0.08271530195247465,0.1732253670349629,0.22112910549417286,0.06682306644467988,0.27107613137581354,0.08483426668684728
1149,0.0,0.10030543654054956,0.08275055035913928,0.17319485468061616,0.22109015525415485,0.06681129606071826,0.27102838334030893,0.0848193237645132
1151,0.0,0.7171717171717171,0.2828282828282828,0.0,0.0,0.0,0.0,0.0
1152,0.006185567010309278,0.09993717932043675,0.0817420854384535,0.1815615516564037,0.23518288957863706,0.07845496050565949,0.24877666499688333,0.07434466850352611
1153,0.0,0.10015726650602923,0.08256723024368975,0.17449369025375294,0.2232673427664547,0.06859282107296645,0.26768334051771747,0.08323830863938929
1154,0.0,0.09965851905104241,0.08069734004313445,0.19051042415528396,0.25026959022286127,0.09094176851186199,0.22483824586628326,0.06308411214953272
7001,0.0012690355329949238,0.05216179027664879,0.04331614036871933,0.1463437712185652,0.14797442092286833,0.058590480867374825,0.3646304782584599,0.18698291808736373
7002,0.0,0.03854355486694313,0.03278679432416283,0.10869592249824353,0.1405557610621977,0.039274496434948306,0.36735870820612804,0.27278476260737666
7003,0.0,0.01621120889300602,0.009495136637332096,0.028485409911996294,0.07688744789254284,0.031959240389069006,0.4719777674849467,0.364983788791107
7004,0.0,0.01621120889300602,0.009495136637332098,0.02848540991199629,0.07688744789254283,0.03195924038906901,0.4719777674849467,0.364983788791107
7005,0.001184834123222749,0.016002670794787757,0.009417316934633388,0.02843909675286125,0.0775038967302009,0.03190763964175119,0.47074257502373246,0.36598680412203305
7006,0.0010775862068965517,0.06128296038976633,0.0497787689263012,0.14628105967495394,0.1321150136051774,0.042910143469138774,0.37996120161808034,0.1876708523165819
7007,0.0,0.009008300101735039,0.04358360833386232,0.08288555147795645,0.09457661022388614,0.029325403014159892,0.45216097369796127,0.28845955315043886
7008,0.0011025358324145535,0.014450249677575834,0.01782904868779188,0.04178509666179623,0.08121207483469838,0.03131532272584503,0.4671329795456961,0.3462752278665965
7009,0.003432494279176201,0.005327118880523568,0.06294774734913301,0.11275723979364949,0.10472051928686023,0.02823737604268084,0.4412090421833041,0.24480095646384878
7011,0.0009606147934678194,0.004955167531854649,0.06276545540349221,0.11349693251533743,0.10453043888626712,0.027843322321849932,0.44100991033506376,0.24539877300613502
7012,0.0,0.0069638983156067695,0.05413489928203272,0.0992523808245934,0.10010475101411509,0.028696498549037257,0.4461493169451218,0.26469825506949285
7013,0.0016155088852988692,0.0008764372354917259,0.0037726936806913173,0.025079788943252992,0.12221778438641703,0.028164798585693047,0.38114834826784527,0.43874014890060853
7014,0.0013568521031207597,5.448147824873332e-06,0.0035108569654561926,0.02498257308936254,0.12478628023338173,0.027947817600904593,0.3760286457490422,0.44273837821402784
7015,0.0,0.12980021805174835,0.09924768075990668,0.17691598248399548,0.19405709602135313,0.051334822594947066,0.27828623361774785,0.07035796647030142
7016,0.0029469548133595285,0.13077869449074916,0.08173694063197988,0.2167253346519189,0.20077792416291915,0.049926016522862625,0.2392134470640251,0.08084164247554511
7017,0.0,0.09024488912635381,0.11584122225500877,0.23956073741111378,0.3111622945318525,0.0694238453055748,0.11445663401722736,0.05931037735286892
7018,0.0,0.13547832342314944,0.09732307403079973,0.1890646570403009,0.1966492198325338,0.05451029174654249,0.26271038899506743,0.06426404493160634
7019,0.0,0.1346571966951732,0.10015944339759385,0.1865487751848094,0.19814465864618058,0.049717350340629074,0.26670531961153787,0.06406725612407595
7021,0.0029469548133595285,0.13309386658017192,0.06523266113368886,0.25707484034584427,0.20830119202983027,0.048220064205079585,0.1990095254088278,0.08906785029655723
7022,0.003988035892323031,0.12508189901531272,0.06927778142038855,0.2605120778005831,0.22987155096051906,0.05295446139641787,0.1766130463648329,0.08568918304194582
7023,0.0010121457489878543,0.10051966555434251,0.10424778577080829,0.2504287185466025,0.29273463217429485,0.06451405875105014,0.12331904997048294,0.06423608923241884
7024,0.004032258064516129,0.08089668615984405,0.13084795321637427,0.24025341130604286,0.34307992202729043,0.07456140350877193,0.08333333333333331,0.04702729044834308
7025,0.0,0.080535124634878,0.13056138543591533,0.24046658505249888,0.34253037186894897,0.07440978006998215,0.08429319901486283,0.04720355392291372
7026,0.0,0.1365390025428005,0.09365923304197774,0.19231451270899394,0.194717507381448,0.0607015076670049,0.2575499924996461,0.06451824415812886
7027,0.0010695187165775401,0.13465537085130877,0.09999494080061415,0.18661987615945264,0.1981718109424611,0.04975549671385411,0.2666722860872064,0.06413021844510285
7028,0.001092896174863388,0.13385214007782104,0.027626459143968874,0.21789883268482493,0.21011673151750976,0.06653696498054476,0.2521400778210117,0.09182879377431907
7029,0.0010351966873706005,0.0915584791325643,0.11006584072916059,0.23575264940867552,0.3163097613484034,0.0729458021687703,0.11732006045900784,0.05604740675341813
7030,0.005733944954128441,0.16132798029210968,0.07428490858594833,0.21294464029628674,0.19318571367105544,0.07858959253025635,0.21677503953934762,0.06289212508499595
7031,0.0013054830287206266,0.1673343173328568,0.07194170300267826,0.21602796804636418,0.19466794026523646,0.07825187843319777,0.20956038278848982,0.0622158101311768
7032,0.0021321961620469083,0.11994490073717738,0.05091774823717235,0.24267613956778156,0.2848406950664125,0.07983855420141249,0.15414674402208828,0.06763521816795534
7033,0.00749063670411985,0.133852140077821,0.02762645914396887,0.21789883268482488,0.21011673151750973,0.06653696498054475,0.25214007782101167,0.09182879377431907
7034,0.001990049751243781,0.09523339566532703,0.10260920999691375,0.2340620872623302,0.30671974246473455,0.07232280248207701,0.1295752425310348,0.059477519597582705
7035,0.0,0.06581173194434847,0.07200474940390378,0.20474775200287904,0.27183095598020857,0.05695851807576115,0.1978284753252888,0.13081781726761033
7036,0.0009532888465204957,0.10615527681315838,0.08568702376966984,0.30148344236080854,0.23217118425625224,0.06037410914880637,0.17357104562435932,0.0405579180269452
7037,0.00258732212160414,0.08607350096711801,0.0991295938104449,0.3273694390715668,0.25000000000000006,0.06141199226305611,0.15377176015473892,0.02224371373307544
7038,0.00186219739292365,0.13072304108182434,0.06886905998551876,0.2696647401635131,0.21014623235402471,0.059082495332955405,0.1982093606825918,0.06330507039957195
7039,0.0010706638115631692,0.12746687368942547,0.06255564138472657,0.26692027407960367,0.20865158771177356,0.059724535365391726,0.2059329447228723,0.0687481430462069
7041,0.0,0.0703400369903479,0.04689142484472692,0.17192495874373076,0.2022823378226063,0.12864315094810624,0.27652266091649,0.10339542973399192
7042,0.0,0.08485427128668561,0.11296900961070498,0.20797374991025303,0.2125007339597215,0.07720326311813659,0.21714298869824525,0.08735598341625309
7043,0.004752851711026616,0.12886688487278805,0.0820670893460312,0.21130429237358053,0.21119888898424405,0.0693009201150604,0.2194697581502887,0.0777921661580072
7044,0.0022222222222222222,0.11462450592885375,0.06000718648939993,0.2526051024074739,0.3144089112468559,0.08515989938914839,0.11534315486884657,0.057851239669421475
7045,0.004705882352941176,0.12136864016278885,0.060270965841526844,0.26982537445006,0.21084114459743314,0.060266495718988275,0.20800184160763277,0.06942553762157008
7046,0.003976143141153081,0.12135922330097086,0.060267448250595344,0.2698296391280454,0.21084447701044148,0.060267448250595344,0.20800512914453198,0.06942663491481955
7047,0.002044989775051125,0.12129397815601853,0.06023624095833944,0.2695820866693866,0.2109269262388093,0.060268598002597595,0.20816401098446244,0.0695281589903861
7048,0.004259850905218318,0.12135922330097086,0.06026744825059534,0.2698296391280454,0.21084447701044148,0.06026744825059534,0.20800512914453195,0.06942663491481955
7049,0.0011148272017837235,0.1213473496508744,0.0602617689855868,0.26978458824683765,0.21085948154892595,0.060267657488431846,0.20803404328634886,0.06944511079299447
7051,0.005230125523012552,0.12134895055293736,0.06026253471027926,0.26979066237299754,0.21085745851502993,0.060267629277285205,0.20803014484661822,0.06944261972485238
7052,0.0,0.09548160253255258,0.04788996828948385,0.17164503627152752,0.24354560543784587,0.06072346449998224,0.2710210670156521,0.10969325595295583
7053,0.001524390243902439,0.09525277435265105,0.04778051787916152,0.17077681874229347,0.24383477188655978,0.060727496917385944,0.2715782983970407,0.11004932182490751
7054,0.0008305647840531562,0.10121549255255703,0.05154394910159531,0.1959639835735895,0.26555785345781635,0.0682479155393728,0.22348832099280627,0.09398248478226286
7055,0.0,0.03541315345699831,0.03277824620573356,0.09506745362563238,0.15356239460370993,0.01454468802698145,0.3197723440134907,0.34886172006745364
7056,0.0,0.003500428488771875,0.0127904721155407,0.031128489664164018,0.12353847818780765,0.030938348753614703,0.38619916047797265,0.4119046223121284
7101,0.005714285714285714,0.04953001198284073,0.040229501208101814,0.03838286028188668,0.12303654941709286,0.020233447350676188,0.4788264918938515,0.24976113786555032
7201,0.0,0.02176969554010225,8.058586253393978e-07,0.03078334460328567,0.11760669538913894,0.019021665867844078,0.4749945168507468,0.33582327589025684
7202,0.0,0.027129259232345715,0.0024139751713943293,0.05861909683710875,0.10227877432412946,0.030008881236494554,0.4640670615179096,0.3154829516806174
7203,0.0,0.029679024674538045,0.01363450374145996,0.06938355887028036,0.07692660276778802,0.016371651819848326,0.4810052608910973,0.31299939723498804
7204,0.0,0.025232091925006684,0.006021969103128082,0.04791957882069599,0.09956894819207227,0.01784850038969187,0.477783587127732,0.3256253244416731
7205,0.0,0.030382959298237647,0.007409329347934614,0.07486230170889104,0.08646741000265856,0.030132151611727883,0.4652042304391742,0.305541617591376
7206,0.0,0.057750759878419454,0.01094224924012158,0.1,0.20151975683890577,0.03282674772036474,0.3075987841945289,0.2893617021276596
7207,0.0011534025374855825,0.025839105613403794,0.01146381314733815,0.06044455273605783,0.1357347201810562,0.02109147826312378,0.45545642064283165,0.2899699094161885
7208,0.0016891891891891893,0.009166302924487123,0.01003928415539066,0.044522042776080316,0.11305106940200786,0.015277171540811874,0.5120034919249237,0.29594063727629855
7209,0.0015600624024961,0.017908821863495055,0.011173986414838933,0.050945822549294195,0.1251537170456549,0.025645196914587585,0.4971724952145699,0.2719999599975595
7301,0.0038240917782026767,0.0912515682088316,0.0233956105661856,0.0941060750566779,0.179138537205202,0.08854721589465912,0.3048137104783914,0.21874728259005236
7302,0.0011806375442739079,0.08478181699297382,0.02256345600824042,0.09273854235107831,0.16698205920764292,0.08008107033353228,0.3152378217007483,0.23761523340578383
7303,0.0009861932938856016,0.035882466697212734,0.006150824118971174,0.0953688692244661,0.08228272302927193,0.04422051886952109,0.44829259294193935,0.28780200511861753
7304,0.0010395010395010396,0.06253484668624122,0.011712086756336724,0.0617686859349585,0.10331849915550496,0.038576729212978944,0.419187790186664,0.30290136206731566
7305,0.0,0.05797028836287887,0.00986523944086686,0.056752118410833635,0.09136928195807159,0.030738565925774133,0.4372111451193547,0.31609336078222017
7306,0.0,0.18112581068662623,0.05449728730218464,0.13340319278917825,0.09206011706703313,0.041131328218134394,0.3093831887263127,0.1883990752105307
7307,0.0,0.0556998556998557,0.008946608946608946,0.05425685425685425,0.08542568542568542,0.026839826839826837,0.4461760461760461,0.32265512265512264
7308,0.0,0.0556998556998557,0.008946608946608947,0.05425685425685426,0.08542568542568543,0.02683982683982684,0.44617604617604617,0.32265512265512264
7309,0.002333722287047841,0.03232817169247487,0.018201575658788372,0.08231458842705786,0.06329801684324912,0.015484922575387122,0.48302091822874216,0.3053518065743005
7311,0.0,0.03250249890042136,0.016899912431236862,0.08360585132025274,0.06523572189952803,0.018441373968723477,0.4796353430173861,0.3036792984624514
7312,0.0,0.08434227182087502,0.02580379531946659,0.08707115708943618,0.061489003874600656,0.04940161263505751,0.4184534950467401,0.2734386642138239
7313,0.0009852216748768472,0.17734951550725087,0.055181519773110824,0.12084704556078267,0.07854766728064487,0.044635575261296835,0.3220925576135225,0.20134611900339144
7314,0.005284015852047556,0.31363231363231364,0.09860409860409859,0.16810216810216808,0.10098010098010098,0.03831303831303831,0.18265518265518266,0.0977130977130977
7315,0.0,0.10768425641355636,0.056843732673903795,0.09007075383182224,0.25860058103145656,0.02081687258986835,0.3506840208474758,0.11529978261191684
7316,0.001177856301531213,0.10768614891913532,0.05684547638110489,0.09007205764611691,0.25860688550840677,0.02081665332265813,0.35068054443554847,0.11529223378702963
7317,0.0,0.056790239666135445,0.03204012765344594,0.09964907537026653,0.14189566881199372,0.02513885776625718,0.350236754138884,0.29424927659301714
7318,0.002751031636863824,0.034922574025199014,0.02038536598900387,0.08678813492033857,0.06541123197558205,0.015706055806178017,0.47641871015890497,0.30036792712479354
7319,0.0009416195856873823,0.0708078336196991,0.05061424890574973,0.14864321646505957,0.09485038384200441,0.01882357930051909,0.38480007329149035,0.23146066457547793
7321,0.0015432098765432098,0.1813368250915347,0.06264740220596016,0.1150656978864991,0.0704840448482659,0.0527582202486802,0.32077730510623936,0.19693050461282058
7322,0.00522466039707419,0.2971743474480076,0.10954730287057202,0.1565431240998652,0.08885888063264899,0.05095577913145259,0.20199492836561433,0.09492563745183936
7323,0.0,0.07964199467856398,0.04933544126112689,0.13787478128069064,0.09688943418134921,0.024228419624904907,0.3902466496988663,0.221783279274498
7324,0.002758620689655172,0.07125185551707075,0.05096486887679366,0.14943097476496783,0.09500247402276102,0.01880257298367145,0.3839683325086591,0.23057892132607619
7325,0.0,0.09678155672220955,0.030814882446929925,0.08514037890892491,0.05637982195845698,0.05067336224606255,0.41063684090390323,0.2695731568135129
7326,0.0,0.14759248945685619,0.058255017471011854,0.09939344057346013,0.05979792202593011,0.06255284861990386,0.3551539839957415,0.21725429785709643
7327,0.006954102920723227,0.26943091630295696,0.12800845798222504,0.13705528179902998,0.06841941813144903,0.07226899884740437,0.23460300201424944,0.09021392492268535
7328,0.0019193857965451055,0.2603313423592396,0.1430332395634725,0.17066721624987288,0.07262454442771005,0.040962845576698374,0.21721183356057072,0.09516897826243575
7329,0.00145985401459854,0.211765247301751,0.11298458434066112,0.12162696127810858,0.13503921379774275,0.030189823649167787,0.280023460021106,0.10837070961146263
7331,0.0,0.03201644218682831,0.03213162233470359,0.11922821648307151,0.10145218079196364,0.024802956515746988,0.3122895279291317,0.37807905375855416
7332,0.001282051282051282,0.11786216596343178,0.04191279887482419,0.08523206751054851,0.10548523206751055,0.048945147679324896,0.4188466947960619,0.18171589310829817
7333,0.0,0.07442960895028775,0.043038402998509945,0.12372914265455674,0.10279809237091664,0.027943915913726414,0.4011487823930313,0.22691205471897122
7334,0.0,0.11786216596343178,0.041912798874824186,0.08523206751054853,0.10548523206751055,0.048945147679324896,0.4188466947960619,0.18171589310829817
7335,0.0,0.04805035813762444,0.02385352888358081,0.08914438139053321,0.1204137370436963,0.03445090536151254,0.4306366897481233,0.2534503994349294
7336,0.0,0.05542681103822968,0.013163486927846893,0.08936124605109405,0.14905390261776277,0.04836680943808536,0.412188150488928,0.23243959343805318
7337,0.0,0.04004626195799743,0.014517079808536917,0.08995642733732691,0.13955301978152784,0.03993170317719794,0.42206689132842273,0.25392861660899024
7338,0.0033333333333333335,0.22076397829834946,0.1167176890962619,0.1611462919309372,0.06679666869782253,0.06456949448704465,0.23055819382596665,0.13944768366361754
7339,0.0,0.05895108499086029,0.02218086328296401,0.09088490827515988,0.19161618755393822,0.07283436763262675,0.4092336466732889,0.15429894159116203
7341,0.0022935779816513763,0.0861240788282484,0.028285756499379144,0.08286739174733311,0.14612634849801992,0.06227451682583677,0.4238603368709456,0.17046157073023696
7342,0.0,0.0907292736796394,0.01732824739558251,0.08763137119351366,0.15341957917702287,0.060579418600145145,0.39944314997844554,0.1908689599756507
7343,0.0013966480446927375,0.03393828637096877,0.006274777454820757,0.10656735787429147,0.17794166085546698,0.07501444313872857,0.4555648481176651,0.1446986261880584
7344,0.0,0.04550147037753086,0.005754980822431892,0.11826864887134311,0.15753665576097514,0.06729412085638303,0.45104600088299396,0.15459812242834198
7345,0.0,0.06468753044982191,0.008257633852088678,0.10309181045465665,0.16199286087088222,0.06548336806402842,0.4222848510321654,0.1742019452763567
7346,0.0011198208286674132,0.0419645632576935,0.009325458501709667,0.07957724588125582,0.20267329810382342,0.08082064034815044,0.4308361827789866,0.15480261112838045
7347,0.0,0.058405443680621935,0.04698720394483318,0.1384952646141049,0.21589982023829493,0.07820989136928864,0.3377626735225981,0.12423970263025833
7348,0.005422993492407809,0.07043669877221877,0.05143250296283298,0.14855536696683277,0.20775734342961616,0.06513933905286012,0.3281479057349167,0.12853084308072266
7349,0.0,0.08620981601205457,0.039482958944642835,0.07017493951238103,0.16296882657203585,0.03455946886768951,0.3894072857041763,0.21719670438701996
7501,0.0,0.05775075987841946,0.010942249240121582,0.10000000000000002,0.20151975683890577,0.03282674772036474,0.3075987841945289,0.2893617021276596
7502,0.0,0.057750567499218364,0.01094232918464333,0.10000045409226363,0.20151921769104994,0.032826870820700266,0.3075992134038095,0.28936134730831486
7503,0.0025477707006369425,0.057750759878419454,0.010942249240121582,0.1,0.2015197568389058,0.03282674772036475,0.3075987841945289,0.2893617021276596
7504,0.0,0.037464869133979686,0.01941558042380681,0.14769068730258725,0.14471162762657885,0.04576094626750684,0.3531383413878402,0.2518179478577004
7505,0.0,0.03745717657509698,0.019427511304574353,0.14765805913295862,0.1447020133667656,0.04575325633863972,0.35322264830636857,0.25177933497559624
7506,0.000945179584120983,0.02718078381795196,0.03982300884955752,0.10050568900126422,0.13211125158027812,0.03508217446270543,0.4804045512010114,0.18489254108723135
7507,0.0029615004935834156,0.032223152646524665,0.06036943682752079,0.12669767465543452,0.15696629862236697,0.030493926869885144,0.4114183455071088,0.1818311648711591
7508,0.0,0.03225128518008481,0.06047648526500504,0.12684304706732633,0.15710033395020895,0.030470766912116504,0.4110350905145936,0.1818229911106648
7509,0.00228310502283105,0.014401734683139544,0.014494197525577698,0.05454644916658562,0.12272832219993783,0.03270895608984362,0.4649090907302798,0.2962112496046358
7511,0.00228310502283105,0.023838614291760953,0.020944006198932764,0.06918410223757739,0.12391719390769554,0.10946179996240536,0.29020680487511225,0.3624474785265157
7512,0.0030721966205837174,0.049657064471879286,0.1316872427983539,0.21728395061728395,0.2430727023319616,0.014540466392318244,0.1728395061728395,0.1709190672153635
7513,0.0012106537530266344,0.04965706447187929,0.13168724279835392,0.21728395061728395,0.2430727023319616,0.014540466392318244,0.17283950617283952,0.1709190672153635
7514,0.004901960784313725,0.04076498389899636,0.1150944952982763,0.1896664310732921,0.21518141064625806,0.023136735326085758,0.21411990064959757,0.2020360431074939
7515,0.00211864406779661,0.03700680613924855,0.10462892346314175,0.2094878310145601,0.20896074007521706,0.01649123212122829,0.22457214690843402,0.1988523202781703
7516,0.0011013215859030838,0.012596501947847727,0.022590212640785506,0.12037015113201885,0.1147279903885613,0.071457199473438,0.32856578757556937,0.32969215684177916
7517,0.0,0.049534883720930234,0.040232558139534885,0.03837209302325581,0.12302325581395349,0.02023255813953488,0.4788372093023256,0.2497674418604651
7518,0.0,0.04953453121362697,0.040232336966959555,0.03837287243403732,0.12302421826208855,0.02023262197811465,0.47883643348010174,0.24976698566507116
7519,0.0,0.049534883720930234,0.040232558139534885,0.03837209302325582,0.1230232558139535,0.020232558139534885,0.47883720930232565,0.24976744186046515
7521,0.0,0.049534883720930234,0.04023255813953489,0.03837209302325582,0.12302325581395349,0.020232558139534885,0.47883720930232565,0.24976744186046515
7522,0.0,0.009719351464755329,0.01684744246402116,0.07837092353520171,0.1461608567462417,0.022499638132215217,0.4866757460939239,0.2397260415636411
7523,0.0,0.01045296167247387,0.01132404181184669,0.07810685249709641,0.15331010452961674,0.016550522648083626,0.505226480836237,0.2250290360046458
7524,0.0,0.014137506762790606,0.0654072481952164,0.10696532819991375,0.1316604927268725,0.04887839978969948,0.337734700481203,0.29521632384430413
7525,0.0,0.005428226779252111,0.0491556091676719,0.0799155609167672,0.10434258142340169,0.057297949336550066,0.37816646562123046,0.32569360675512665
7526,0.0,5.6660864456400244e-05,0.025561192375470165,0.18668763938119026,0.10918037925772942,0.022296098822286847,0.375829408443906,0.28038862085496097
7527,0.002890173410404624,0.0,0.0,0.0,0.0,0.26315789473684215,0.5263157894736843,0.2105263157894737
7528,0.002890173410404624,0.01860060205061808,0.017350771884428077,0.06982311122399545,0.1469960253188623,0.01731813845282098,0.49972495268639505,0.23018639838288002
7529,0.0,0.010452492955034042,0.011323817059878427,0.07810462374988857,0.153307503688565,0.016552054148378237,0.5052256474073872,0.22503386099086864
7531,0.0,0.005428226779252111,0.04915560916767189,0.0799155609167672,0.1043425814234017,0.057297949336550066,0.3781664656212304,0.32569360675512665
7532,0.0011273957158962795,0.0031103432062719993,0.03904303140235975,0.12550510307974377,0.10640404701742039,0.04231005605019532,0.377202836359651,0.30642458288435775
7533,0.0,0.00361317747077577,0.03039319872476089,0.05781083953241232,0.09755579171094579,0.0259298618490967,0.5859723698193411,0.19872476089266736
7534,0.0011025358324145535,0.00361317747077577,0.030393198724760893,0.05781083953241232,0.0975557917109458,0.025929861849096705,0.5859723698193411,0.19872476089266736
7535,0.0,0.0036131774707757708,0.030393198724760893,0.05781083953241233,0.0975557917109458,0.025929861849096705,0.5859723698193411,0.19872476089266738
7536,0.0011614401858304297,0.0018613561814694519,0.018717519375385978,0.04355273004712506,0.09646607695935716,0.03794180867284867,0.5378118429455607,0.26364866581825286
7537,0.0,1.956229353381374e-07,0.006311896873757953,0.02840404400814562,0.09530931186494615,0.05070417882590202,0.4866403646696054,0.33263000813470767
7538,0.0,0.0,0.006311803071744162,0.028403113822848727,0.09530822638333684,0.0507048180096781,0.48664001683147484,0.33263202188091734
7539,0.0,0.0,0.006311803071744162,0.02840311382284873,0.09530822638333684,0.050704818009678104,0.4866400168314749,0.33263202188091734
7541,0.0,0.001874121505544276,0.022489458066531316,0.07246603154771201,0.16382945494299547,0.04466656254880525,0.4319850070279556,0.26268936436045603
7542,0.0012738853503184713,0.001874121505544276,0.022489458066531312,0.07246603154771203,0.16382945494299547,0.04466656254880525,0.4319850070279556,0.26268936436045603
7543,0.0,0.0018741215055442762,0.022489458066531312,0.07246603154771201,0.16382945494299544,0.044666562548805244,0.4319850070279556,0.26268936436045603
7544,0.0011235955056179776,0.0018984875409197603,0.022498037229054507,0.07256794694476443,0.16368922648492015,0.044704660282672885,0.4320627425166508,0.2625788990010176
7545,0.0,0.0015864442837109497,0.023202202886227843,0.09890684825821548,0.15113597040210744,0.039514965562632606,0.41900544191890554,0.26664812668820015
7546,0.0,0.004655172413793104,0.020517241379310346,0.04,0.09482758620689655,0.0296551724137931,0.4358620689655172,0.37448275862068964
7547,0.0010070493454179255,0.003923508860256581,0.027451898878725164,0.052506339144044,0.09674326588197284,0.027039349770834678,0.5412658781501443,0.2510697593140225
7548,0.0009380863039399625,0.004175069497020571,0.025067624237927584,0.04820640835829511,0.09608461670289496,0.027938722175738045,0.5050259298464853,0.2935016291816384
7549,0.0,0.019125334693357136,0.009562667346678568,0.0887415529771771,0.07790386331760808,0.0316205533596838,0.4435802626545965,0.3294657656508989
7551,0.0,0.004655172413793104,0.020517241379310346,0.04,0.09482758620689655,0.029655172413793104,0.43586206896551727,0.3744827586206897
7552,0.0,0.004655172413793103,0.020517241379310346,0.04,0.09482758620689656,0.0296551724137931,0.4358620689655172,0.37448275862068964
7553,0.0,0.019125334693357133,0.009562667346678566,0.0887415529771771,0.07790386331760805,0.03162055335968379,0.44358026265459644,0.32946576565089886
7554,0.0,0.019125334693357133,0.009562667346678566,0.0887415529771771,0.07790386331760805,0.0316205533596838,0.4435802626545965,0.3294657656508989
7555,0.0,0.004655172413793104,0.020517241379310346,0.04000000000000001,0.09482758620689656,0.029655172413793104,0.4358620689655173,0.3744827586206897
7557,0.002242152466367713,0.019125334693357136,0.009562667346678568,0.0887415529771771,0.07790386331760805,0.03162055335968379,0.44358026265459644,0.3294657656508989
7601,0.004379562043795621,0.06286133636687004,0.06057917635703928,0.1576892929057399,0.25779877803024986,0.06584879219041073,0.2832523415467268,0.11197028260296348
7602,0.001160092807424594,0.0628842438081855,0.06060073774811172,0.15773757245740386,0.2578605304760232,0.06587036711751273,0.2831547514491481,0.11189179694361497
7603,0.0013192612137203166,0.06288424380818548,0.060600737748111706,0.1577375724574038,0.25786053047602314,0.06587036711751272,0.28315475144914803,0.11189179694361495
7604,0.0072992700729927005,0.08314461339372371,0.08023293432546101,0.14202523455192492,0.26366871562601096,0.08508573277256552,0.22937560659980588,0.11646716273050792
7605,0.008287292817679558,0.08314461339372373,0.08023293432546101,0.14202523455192495,0.26366871562601096,0.08508573277256552,0.22937560659980588,0.11646716273050793
7606,0.0042417815482502655,0.05605381451688706,0.06849502593223743,0.16761989399846428,0.21601720364812166,0.07331689588036241,0.29389977966675396,0.12459738635717316
7607,0.003271537622682661,0.05495046727193328,0.06977022266546802,0.16921622590983723,0.2092580795277562,0.07451976419867239,0.2956354681242788,0.12664977230205401
7608,0.009685230024213076,0.13365200764818355,0.11051625239005736,0.2910133843212237,0.2560229445506692,0.045315487571701715,0.1260038240917782,0.03747609942638623
7609,0.007616974972796518,0.13365200764818358,0.11051625239005737,0.29101338432122376,0.2560229445506692,0.04531548757170173,0.1260038240917782,0.03747609942638624
7611,0.003367003367003367,0.12240595628306296,0.1037767504129466,0.25789703755027776,0.2577219276223502,0.05414968006221034,0.1490095717542914,0.05503907631486073
7612,0.0035650623885918,0.039754804059557385,0.08726579360593135,0.19108705494855582,0.11625218652886514,0.0910868729973852,0.3194970648725314,0.15505622298717378
7613,0.0010638297872340426,0.03976640711902113,0.08731924360400446,0.19118464961067852,0.11624026696329254,0.0910734149054505,0.31952169076751946,0.15489432703003336
7614,0.0032017075773745998,0.03976640711902114,0.08731924360400446,0.19118464961067855,0.11624026696329255,0.09107341490545051,0.31952169076751946,0.1548943270300334
7615,0.0063371356147021544,0.13365200764818355,0.11051625239005736,0.2910133843212237,0.2560229445506692,0.045315487571701715,0.1260038240917782,0.03747609942638623
7616,0.001303780964797914,0.03874865585502786,0.08559439774521037,0.1901408658155977,0.11843997381309312,0.08943412750908956,0.3210261513019586,0.15661582796002285
7617,0.007453416149068323,0.09261974618500318,0.10036673711285489,0.24738180132953422,0.19500328700911382,0.06529611919588561,0.21056244053816708,0.08876986862944128
7618,0.0010548523206751054,0.06332951887311569,0.03132559457868306,0.1369036825505527,0.1114073286514242,0.05309463909373446,0.4090008119705492,0.19493842428194064
7619,0.0,0.01121961995513004,0.04429193077284097,0.14373432856943394,0.24020097807000007,0.05843614313943382,0.3512504256299522,0.15086657386320887
7621,0.0,0.009793945560925974,0.049860086491986776,0.15428644110913256,0.2611294835919613,0.05901806156194354,0.3351564487407784,0.13075553294327144
7622,0.0010050251256281408,0.009793945560925972,0.04986008649198677,0.15428644110913253,0.2611294835919613,0.05901806156194352,0.33515644874077843,0.13075553294327144
7623,0.0027752081406105457,0.009793945560925974,0.04986008649198678,0.15428644110913256,0.26112948359196136,0.05901806156194354,0.3351564487407785,0.13075553294327144
7624,0.004405286343612335,0.01975756022885794,0.04991616711792763,0.14633423176642907,0.24695276799576577,0.057492402600786294,0.34017217331283855,0.1393746969773947
7625,0.008998875140607425,0.03696631470678521,0.038648856363811025,0.11043070144490397,0.18504576419848134,0.04541410198779348,0.37881297779454187,0.20468128350368311
7626,0.0,0.006352087114337569,0.003299785513941594,0.06624319419237751,0.11277016993895397,0.020871143375680582,0.4561953473024254,0.3342682725622835
7627,0.0,0.006352582375527714,0.003300481074563821,0.06624502422726615,0.11276958001543783,0.020871326805751003,0.4561908344573312,0.3342701710441223
7628,0.0031413612565445027,0.08284953354201485,0.04527758893426639,0.08751740628990329,0.14025827329235027,0.04750446087945933,0.3857089311098246,0.21088380595218117
7629,0.0,0.09361172566371681,0.05033185840707965,0.08738938053097343,0.14186946902654865,0.046183628318584066,0.37735066371681414,0.2032632743362832
7631,0.0032599837000814994,0.09361172566371681,0.05033185840707964,0.08738938053097345,0.14186946902654865,0.04618362831858407,0.37735066371681414,0.20326327433628316
7632,0.0,0.04935967501453912,0.04462572502692971,0.11143182612711977,0.15102232714930527,0.03809284032358008,0.3793365571769387,0.22613104918158736
7633,0.0,0.07729774929413731,0.04838199453226997,0.0964930622856702,0.14540458150332927,0.043062948377954456,0.3777524763701615,0.21160718763647732
7634,0.003374578177727784,0.0648213359393231,0.03932266454165086,0.08901491961027219,0.13818182385156488,0.03889389766476583,0.3939176628423104,0.2358476955501127
7635,0.0,0.017292424309176532,0.03679794127696453,0.119653399042484,0.15802497158495202,0.02304719689944286,0.35466187528176923,0.29052219160521087
7636,0.0,0.004737379993685789,0.032877307476091695,0.12394775588100601,0.15216680667132657,0.027573843126676226,0.3938554735317032,0.26484143331951054
7637,0.0,0.006352087114337568,0.0032997855139415932,0.0662431941923775,0.11277016993895397,0.02087114337568058,0.45619534730242534,0.3342682725622834
7638,0.0,0.006352087114337568,0.0032997855139415937,0.0662431941923775,0.11277016993895396,0.02087114337568058,0.4561953473024253,0.3342682725622835
7639,0.0,0.014278620647442656,0.020586677667306152,0.09167256700356653,0.13623772944119725,0.0210268988221523,0.39827397301399436,0.3179235334043407
7641,0.0,0.011418622578913587,0.00843908992813742,0.07126844450276767,0.11988192731585191,0.019768182802544703,0.43241122402912646,0.3368125088426581
7642,0.0,0.006352087114337568,0.0032997855139415937,0.0662431941923775,0.11277016993895396,0.02087114337568058,0.45619534730242534,0.3342682725622834
7643,0.002008032128514056,0.03541315345699832,0.03277824620573356,0.09506745362563239,0.15356239460370996,0.01454468802698145,0.31977234401349075,0.34886172006745364
7644,0.0016433853738701725,0.03541315345699832,0.03277824620573356,0.09506745362563239,0.15356239460370996,0.01454468802698145,0.31977234401349075,0.34886172006745364
7645,0.0015151515151515152,0.027174435577846216,0.024421198384854702,0.08689586973583309,0.14199793145864753,0.01633821756159704,0.3584478221625581,0.3447245251186634
7646,0.000784313725490196,0.03371544999233259,0.03137204342757129,0.09170291994077705,0.1521839390572999,0.01518723839484758,0.32246583728382305,0.3533725719033486
7647,0.0,0.00249500998003992,0.10079840319361279,0.31686626746506985,0.2569860279441118,0.04940119760479042,0.2405189620758483,0.03293413173652695
7648,0.0,0.00249500998003992,0.10079840319361277,0.31686626746506985,0.2569860279441118,0.04940119760479042,0.2405189620758483,0.03293413173652694
7649,0.00099601593625498,0.00982284241869258,0.04989496346136721,0.1543199961620836,0.26099318803779753,0.059047750083233555,0.335142394955311,0.13077886488151447
7651,0.0008025682182985554,0.006352087114337567,0.003299785513941594,0.0662431941923775,0.11277016993895399,0.02087114337568058,0.45619534730242534,0.3342682725622835
7652,0.0,0.006352087114337567,0.0032997855139415937,0.0662431941923775,0.11277016993895396,0.02087114337568058,0.4561953473024253,0.3342682725622834
7653,0.0,0.03541315345699832,0.03277824620573356,0.09506745362563239,0.15356239460371,0.014544688026981454,0.31977234401349075,0.34886172006745364
7654,0.0,0.03968081321696732,0.08721042299714211,0.19108603515064898,0.11662373598719586,0.09097786768063346,0.3195717584863724,0.15484936648103997
7655,0.0023752969121140144,0.006352087114337568,0.0032997855139415937,0.0662431941923775,0.11277016993895395,0.02087114337568058,0.45619534730242534,0.3342682725622834
7656,0.0,0.006352087114337568,0.003299785513941594,0.0662431941923775,0.11277016993895397,0.020871143375680582,0.4561953473024254,0.3342682725622835
7657,0.0,0.03211802686119991,0.030048902554237616,0.08853712329517663,0.15088690643593627,0.015791834451762184,0.3250002306823935,0.3576169757192939
7701,0.0009267840593141798,0.019107679518494524,0.009641048635071404,0.08866588242566681,0.07795810462506168,0.03167806342109152,0.4434069168663638,0.32954230450825023
7702,0.0,0.019125348146123287,0.009563042916287212,0.08874132940435532,0.07790422608308052,0.0316208267861058,0.44357923239837344,0.32946599426567447
7703,0.008928571428571428,0.06129240391604479,0.04634054173416788,0.12458359554414129,0.156547784712769,0.05752663793751849,0.2595722058069897,0.29413683034836885
7704,0.0,0.061693991156958936,0.04644296350725367,0.12512079652486732,0.15701856180193433,0.057537894041036014,0.2585903554952017,0.293595437472748
7705,0.0,0.061698440207972265,0.04644714038128249,0.12512998266897746,0.15701906412478334,0.05753899480069324,0.25857885615251297,0.2935875216637781
7706,0.0,0.01645933014354067,0.03425837320574163,0.07349282296650718,0.14047846889952154,0.04459330143540669,0.33205741626794255,0.3586602870813397
7707,0.0,0.01645964120169813,0.034255887362769584,0.07348963361918211,0.1404795527669801,0.044593539189484624,0.3320605979769266,0.3586611478829589
7708,0.0,0.016459608320322772,0.03425615013657529,0.07348997075911563,0.14047943819338063,0.044593514056946254,0.33206026164442776,0.35866105688923156
7709,0.0,0.036269430051813475,0.06590673575129534,0.05326424870466322,0.09699481865284974,0.04974093264248705,0.43544041450777204,0.2623834196891192
7711,0.0,0.028568606484302112,0.05360359615303925,0.061127359460559166,0.1138985515841325,0.04773990384027571,0.3952523251089334,0.2998096573687579
7712,0.0018281535648994515,0.03626943005181347,0.06590673575129533,0.05326424870466321,0.09699481865284974,0.049740932642487044,0.43544041450777204,0.26238341968911916
7801,0.0,0.007106605063502403,0.010176763347071642,0.055939144357548286,0.08241545232528916,0.016065893716707576,0.4514447677004466,0.3768513734894344
7802,0.0,0.002226441429439102,0.009208225316323433,0.036099978193956155,0.0924190535832101,0.04008960196438363,0.47161066783642364,0.34834603167626405
7803,0.0,0.00906344410876133,0.0019225487503433125,0.068662455369404,0.07250755287009064,0.005218346608074706,0.4638835484756935,0.3787421038176325
7804,0.001122334455667789,0.00628123413967708,0.003269920343669827,0.05630402516831549,0.07950668701701687,0.019181351473926096,0.4708691129433336,0.364587668914061
7805,0.0,0.008449404896709225,0.006506593931620844,0.07913114484888888,0.10870780796461896,0.04706634265300156,0.43906644260486793,0.31107226310029257
7806,0.0,0.0016516785600724246,0.00633957016244178,0.03843813709142257,0.09796120807696884,0.05002076795290919,0.47725057014775574,0.3283380680084294
7807,0.0,0.008598834926178826,0.006558405448434155,0.07947110555180976,0.10878693318641597,0.046874424972554465,0.4386464747325057,0.31106382118210113
7808,0.0,0.008471157724889069,0.00645421540943929,0.0798709156918112,0.10891488503428802,0.04719645018152481,0.4384832593787818,0.3106091165792658
7809,0.002617801047120419,0.0032059958141313996,0.019466967500274678,0.07419728632815759,0.15294112321385553,0.04526843588261368,0.4334672117218072,0.27145297953916003
7811,0.0013568521031207597,0.018045417680454173,0.028183292781832923,0.14010543390105434,0.07076236820762369,0.06995133819951337,0.4835766423357664,0.18937550689375507
7812,0.0022222222222222222,0.018502127840311713,0.0259466588413572,0.12175945895935991,0.07565937096410434,0.06000491469317242,0.47800016085693436,0.22012730784475998
7813,0.0,0.01929612742377687,0.02180695814679716,0.08823569006983192,0.08468854366638295,0.041865982809612214,0.4677121229669147,0.27639457491668423
7814,0.0032119914346895075,0.018045417680454177,0.028183292781832927,0.14010543390105434,0.07076236820762367,0.06995133819951338,0.4835766423357664,0.18937550689375507
7815,0.0,0.006645471996601511,0.004176392445795888,0.06639127593238589,0.11152284278913635,0.0533251895489749,0.47943037307226183,0.27850845421484355
7816,0.0,0.006660608341412269,0.00408814000541527,0.06655134352461195,0.08513157468464223,0.0160781978043401,0.4338732668428904,0.3876168687966878
7817,0.0,0.020395397575710014,0.016184903445290093,0.04253118740822915,0.09696499493668431,0.017121340522293905,0.45372653699985277,0.3530756391119397
7818,0.0,0.020481144343302993,0.016254876462938883,0.042262678803641096,0.09687906371911574,0.016905071521456438,0.45383615084525364,0.3533810143042913
7819,0.006443298969072165,0.018169009326935208,0.027578030855176905,0.13514077699468938,0.07208756017113155,0.06725970800208186,0.4820675746860456,0.1976973399639395
7821,0.0009950248756218905,0.003545617046012009,0.00438848451749734,0.061940635916855405,0.11756159595556429,0.05446720940859987,0.4610512082133992,0.29704524894207185
7822,0.0,0.0002788826568597443,0.010355439601132459,0.06132984855122705,0.11535564189649004,0.039920679420739416,0.34057618716572535,0.432183320707826
7823,0.0,0.02555578641180137,0.009349677955537088,0.02825680448784542,0.1207147309370455,0.027633492624142948,0.4122169125285685,0.3762725950550592
7824,0.001303780964797914,0.025555786411801375,0.009349677955537088,0.02825680448784542,0.12071473093704552,0.027633492624142948,0.4122169125285685,0.3762725950550592
7825,0.0,0.024023611909242275,0.011434547971065266,0.03248556451132023,0.11351808513033892,0.024394286184679273,0.42478290928341444,0.36936099500993963
7826,0.0,0.01732882102414766,0.003682185309704777,0.04294934602824805,0.08174182111847715,0.026725310648046747,0.46997004692008715,0.35760246895128844
7827,0.001221001221001221,0.017446880131105978,0.017188573555549747,0.09778421509668793,0.07426302605407183,0.05086626809330076,0.4795632066803159,0.2628878303889679
7828,0.0009416195856873823,0.004231974921630094,0.003134796238244514,0.06206896551724137,0.11802507836990594,0.057523510971786825,0.4863636363636364,0.2686520376175549
7829,0.0,0.003984589543814864,0.0035644573623758147,0.060432602687081394,0.12014065305137835,0.055718714096142215,0.47953770447071203,0.2766212787884953
7831,0.0,0.0044200206517064225,0.010602785121577987,0.05556655009569157,0.11612677552268981,0.036768479571627266,0.34446070608175255,0.4320546829549544
7832,0.0,0.025555786411801378,0.00934967795553709,0.028256804487845424,0.12071473093704553,0.02763349262414295,0.4122169125285685,0.3762725950550593
7833,0.001392757660167131,0.01712326774138664,0.003538230185817047,0.04330680386378179,0.08076947854010447,0.026698394039686955,0.471411201762071,0.357152623867152
7834,0.003401360544217687,0.016687422166874223,0.0032378580323785804,0.044084682440846824,0.07870485678704857,0.026650062266500622,0.47447073474470736,0.35616438356164387
7835,0.0,0.004330922298752657,0.0031396395016933675,0.062031175605885225,0.11813182053370468,0.057385557934428386,0.4847963021869147,0.27018458193862094
7836,0.0,0.004577015887134619,0.003141011289605881,0.06138553018153516,0.11886831567746631,0.05548960518102799,0.4845638645536709,0.27197465722955916
7837,0.0010638297872340426,0.00497464799107021,0.006873456867234472,0.04235095351777712,0.14318249592589466,0.025144490958207883,0.4128413009046389,0.3646326538351767
7838,0.0011001100110011,0.0,0.010639238953117146,0.045124639706170144,0.13835532383323496,0.03153532237356437,0.3536300356177074,0.42071543951620616
7839,0.0,0.019909236202173382,0.007664623123601047,0.04489650384742206,0.10347983735722971,0.023302279161748783,0.41911313413848694,0.38163438616933804
7841,0.0,0.01404143102026618,0.005209459942062404,0.06009507383263677,0.08253441024931658,0.019984217028746167,0.4367262414814258,0.38140916644554607
7842,0.0,0.02254938617114925,0.0026849035693060396,0.050660238966076604,0.10565825542916281,0.05444682868199548,0.45076594186105634,0.3132344453212534
7843,0.0027063599458728013,0.016687422166874223,0.0032378580323785804,0.04408468244084683,0.07870485678704857,0.026650062266500626,0.47447073474470736,0.3561643835616438
7844,0.0,0.022494865710404762,0.002711997931998589,0.0490253597002963,0.10448841773377575,0.05311379397781919,0.45336820421286117,0.3147973607328442
7845,0.0,0.011341248935205703,0.002581514971571687,0.05132465176945814,0.13113004181748517,0.020737911721751833,0.46201926077105987,0.3208653700134676
7846,0.001072961373390558,0.0052829780481581535,0.006803361861965053,0.04211077151941372,0.14346200516293986,0.023895600626025536,0.41264735892401344,0.3657979238574842
7847,0.0,0.005862173917721894,0.006133240205633372,0.07484908428277542,0.0804560773391525,0.027530548671422093,0.4155161842202714,0.3896526913630233
7848,0.0,0.005946135012242042,0.0034977264777894365,0.08604407135362015,0.0608604407135362,0.012591815320041971,0.4361664917803427,0.3948933193424274
7849,0.0,0.007939819985244262,0.008107081551044315,0.07480020825636059,0.07964749894893534,0.0482732933653459,0.4044728340277732,0.3767592638652965
7851,0.0,0.013344339639025399,0.004143334373115235,0.05513521338155478,0.13117791635738482,0.046901515712400366,0.36541407415505067,0.3838836063814687
7852,0.0,0.00445160900302433,4.58727431476512e-08,0.07758321682570027,0.10238505747797584,0.046422898366013855,0.36311608047107635,0.40604109198346616
7853,0.0,0.0068922676550699944,2.0999532762967984e-06,0.07282916627111762,0.10727563018552459,0.0400725706359088,0.39280329607801157,0.38012496922109107
7854,0.0,0.01117276061702932,0.007817980038071326,0.06207943124139115,0.1078354649060588,0.06204404748662268,0.4078426087893467,0.34120770692148006
7855,0.0,0.009674858790613484,0.012118452468777467,0.06501504206401723,0.09599726108214907,0.0793257163307987,0.3768908805950839,0.36097778866856006
7856,0.0,0.01321234987913747,0.014894827403298259,0.06697150883898309,0.09393369119605711,0.07268520462513443,0.35555149249525997,0.3827509255621296
7857,0.0010964912280701754,0.024545488536542412,0.002770112869226496,0.051405457724506665,0.11489095093654263,0.06476881020503024,0.4425900425065469,0.29902913722160473
7858,0.0,0.024922118380062305,0.00249221183800623,0.05109034267912773,0.11526479750778815,0.06417445482866042,0.4445482866043614,0.29750778816199375
7859,0.0,0.004868089871941918,0.00019367394985762468,0.07653222130963029,0.10373492418571505,0.04644351490083251,0.36321416502772885,0.40501341075429376
7861,0.001145475372279496,0.01638748412048383,0.015084346570945838,0.0755479548107943,0.08572696362312299,0.046186235805544075,0.33529172004556884,0.42577529502354017
7862,0.0,0.01636953503634139,0.016706154596023193,0.07166590441315203,0.08734579465650973,0.05747361726588925,0.3407670421075936,0.40967195192449085
7863,0.0,0.026792907421560836,0.017003973644464578,0.09581537067651966,0.10709308438635266,0.042985907332522034,0.3272044725556797,0.3831042839829006
7864,0.0,0.018730013704888075,0.01804476930105071,0.07514846962083144,0.08245774326176337,0.046139789858382824,0.3298309730470535,0.42964824120603023
7865,0.0,0.012477453015628802,0.017366252681271874,0.07695481662182059,0.08355181451513018,0.05219558604840163,0.3506790591497043,0.4067750179680426
7866,0.0,0.019841387370589957,0.007230426864124938,0.03881585047213921,0.15226308757458787,0.04717834181524183,0.36665133899808916,0.36801956690522714
7867,0.0,0.0198503091441588,0.007159127888057273,0.03872437357630979,0.15229417507321832,0.04718516108037747,0.3667425968109339,0.3680442564269443
7868,0.0,0.019848276916027734,0.0071581830753308226,0.03872950193348724,0.15228758836707795,0.04718506048151412,0.366742118205048,0.36804927102151413
7869,0.0,0.00498340353201269,0.016053405274368535,0.07329574605085826,0.08606091507232527,0.05893802835074412,0.3750552302232197,0.38561327149647145
7871,0.0,0.03020020535134303,0.04988908672456386,0.05809282317920465,0.11657163748815272,0.048026679782926934,0.3980525349138672,0.2991670325599415
7872,0.0,0.00391601586898985,0.016810999536252768,0.07586934811026987,0.08108266855857646,0.05980880538732047,0.3757872203817665,0.3867249421568241
7873,0.002190580503833516,0.006461997229042491,0.019341804758652707,0.07980155198148929,0.08753807926074007,0.05976746201430677,0.371417812662213,0.3756712920935556
7874,0.0,0.11550596073942994,0.042206844132321,0.12604533589092445,0.17111226307220326,0.04847356301409846,0.3568590880846236,0.13979694506639936
7875,0.003129890453834116,0.04282320861011104,0.04812780270476937,0.12396597600286481,0.1615369017969891,0.05818157359868963,0.32615416062775177,0.23921037665882436
7876,0.0,0.002052317485877961,0.02255220000434366,0.07321136880955989,0.16280392300181812,0.0449451824773417,0.43255350951107496,0.26188149870998384
7901,0.0036363636363636364,0.06677973288106848,0.031587873648505405,0.13695145219419122,0.11405554377782488,0.051939792240831034,0.4036463854144583,0.19503921984312061
7902,0.006342494714587738,0.04051078568347388,0.022594470281626446,0.11046268446963932,0.1230747295379302,0.05382316847018156,0.42107756974740274,0.2284565918097459
7903,0.0035252643948296123,0.06677888173432765,0.03159176098800781,0.13694546251801915,0.11405635230393069,0.051935623858329436,0.40364868735073556,0.19504323124664968
7904,0.0,0.056819551827294326,0.06245942616983242,0.09608250655799,0.12847996710261156,0.02364253164570863,0.4104622916832973,0.22205372501326584
7905,0.0,0.05571180057491009,0.046294498574420646,0.15246610966429272,0.14980047292618479,0.058926256796962916,0.3571420819787647,0.1796587794844643
7906,0.0,0.058674343037056334,0.06188316286977,0.10744478735549853,0.13250060155656793,0.02877330665624649,0.3987542344165046,0.21196956410835605
7907,0.0010775862068965517,0.05867469751220674,0.061861300284425366,0.10753017899065134,0.13253261844641714,0.028824808491037846,0.39867254398256635,0.21190385229269512
7908,0.0050200803212851405,0.05855661192739844,0.06914433880726015,0.07908383751080379,0.121866897147796,0.01166810717372515,0.42588591184096797,0.23379429559204834
7909,0.0026490066225165563,0.05888394385484423,0.048955837042108874,0.15793677964167524,0.15143215793677967,0.059226292365628215,0.35045075887253224,0.1731142302864316
7911,0.0011363636363636363,0.058883943854844224,0.04895583704210887,0.1579367796416752,0.15143215793677964,0.0592262923656282,0.3504507588725322,0.17311423028643158
7912,0.0009514747859181732,0.052262278476482765,0.0647055551709776,0.07743835606823112,0.13012693143982929,0.023340515000173447,0.42779700847538915,0.22432935536891654
7913,0.001128668171557562,0.058883943854844224,0.04895583704210887,0.1579367796416752,0.15143215793677964,0.0592262923656282,0.3504507588725322,0.17311423028643158
7914,0.0022522522522522522,0.05888394385484422,0.04895583704210886,0.1579367796416752,0.15143215793677964,0.05922629236562821,0.35045075887253224,0.17311423028643158
7915,0.003575685339690107,0.06225477023100268,0.04918317518333778,0.15652911782473952,0.14613414226515078,0.05432583925395898,0.35748515933653685,0.17408779590527332
7916,0.0012121212121212121,0.04152677560547497,0.06261690762794614,0.05345916593303278,0.136156611860753,0.03029381907058693,0.4513011894485327,0.22464553045367344
7917,0.0031446540880503146,0.05265702193888001,0.05865200844252261,0.0843736681001442,0.1322058066044665,0.0313586512404799,0.4309001007590165,0.2098527429144902
7918,0.001218026796589525,0.07648365598222788,0.050142811805775955,0.15058711520152335,0.12377023167248495,0.03364011424944462,0.38717867343700413,0.1781973976515392
7919,0.0022522522522522522,0.050485529696870465,0.05931180515383909,0.07860288821522123,0.13292589092877227,0.03114838590370386,0.434545097947256,0.21298040215433706
7921,0.0021253985122210413,0.07644591785459003,0.05011605131969833,0.15057655197232406,0.12375894676869272,0.03363544220823399,0.38712769946036335,0.1783393904160975
7922,0.0,0.07648365598222785,0.05014281180577594,0.15058711520152332,0.12377023167248491,0.033640114249444616,0.38717867343700413,0.1781973976515392
7923,0.0056625141562853904,0.07648408388796905,0.05008482424886197,0.1504828436149288,0.1238193445462131,0.033642033185118575,0.3871339001485035,0.17835297036840506
7924,0.0,0.07649600511483226,0.05010753177927546,0.1505117075988759,0.12381093094639817,0.033643052763481805,0.3871610923745354,0.17826967942260105
7925,0.0,0.05046858033954716,0.013932894291098192,0.15646076080527435,0.1794457028599893,0.03374560758983442,0.319610089550407,0.24633636456384958
7926,0.0,0.032552837365347365,0.018982886162917805,0.1382909902594315,0.11068367728952017,0.0282029472184296,0.32783081091962457,0.3434558507847291
7927,0.0,0.03253831525235404,0.018980392571995724,0.13828583169763578,0.11062945545515557,0.028199620775316254,0.327820173850769,0.3435462103967736
7928,0.0010570824524312897,0.08481933695032236,0.006493682138479277,0.06416493625671744,0.16791072089352588,0.036258557916083144,0.35987945181130115,0.28047331403357084
7929,0.00117096018735363,0.04744403036992958,0.015059695769438653,0.15611295607704873,0.16646982029046634,0.031579761502573786,0.3211374450220823,0.26219629096846064
7931,0.0,0.05198225526888558,0.014334705072708094,0.11071628227893988,0.13193449989953604,0.031196891684874835,0.3397420585708244,0.32009330722423124
7932,0.0,0.09239766081871345,0.004678362573099414,0.05341130604288499,0.17621832358674464,0.037426900584795315,0.3645224171539961,0.2713450292397661
7933,0.0,0.10323317099158148,0.016235749704809184,0.08749964596346076,0.1763953908373979,0.05346506787599066,0.3335616980877447,0.22960927653901528
7934,0.0,0.05283018867924528,0.013642960812772132,0.16255442670537007,0.18664731494920173,0.03280116110304789,0.31872278664731496,0.23280116110304785
7935,0.0,0.04667354629475749,0.015262358160732133,0.1551915107249456,0.1635834516732393,0.031405041621065805,0.3214828592705869,0.26640123225467277
7936,0.0011173184357541898,0.03253796095444685,0.01898047722342733,0.13828633405639915,0.1106290672451193,0.02819956616052061,0.32781995661605207,0.3435466377440347
7937,0.001092896174863388,0.04927752080951428,0.026965987145029402,0.11050955187920783,0.14715404641523097,0.0427334485768814,0.335627695037339,0.2877317501367972
7938,0.00258732212160414,0.035691684596886465,0.04872800911277053,0.12352866725730918,0.16035944817111758,0.059106442222503476,0.32350335400582203,0.24908239463359066
7939,0.0014005602240896359,0.03569168459688647,0.04872800911277054,0.1235286672573092,0.1603594481711176,0.05910644222250349,0.32350335400582203,0.24908239463359066
7941,0.0,0.03569168459688647,0.04872800911277054,0.12352866725730922,0.1603594481711176,0.05910644222250349,0.3235033540058221,0.24908239463359072
7942,0.003236245954692557,0.05841667161980725,0.04417898922588989,0.12841759171324188,0.16449552707699416,0.06504524201367949,0.31260556197984574,0.2268404163705415
7943,0.0021598272138228943,0.03569243484169438,0.0487280151657891,0.12352908081942048,0.16035955910484578,0.05910664806327316,0.3235030141234195,0.24908124788155767
7944,0.0,0.03569168459688647,0.048728009112770525,0.1235286672573092,0.16035944817111755,0.059106442222503476,0.323503354005822,0.2490823946335907
7945,0.0,0.03569168459688647,0.04872800911277054,0.12352866725730921,0.1603594481711176,0.05910644222250348,0.3235033540058221,0.2490823946335907
7946,0.0009372071227741331,0.13451746963709024,0.06367529794949495,0.21687162475970234,0.1816201959120989,0.10753348016395353,0.22689208766074906,0.06888984391691116
7947,0.0,0.14712186160440907,0.057103490508266984,0.224739742804654,0.1754439681567667,0.12247397428046541,0.20606246172688306,0.0670545009185548
7948,0.0,0.10036856797845839,0.07933771269656002,0.1903603658858324,0.20290571994978226,0.07168814075008555,0.2778336116769663,0.07750588106231514
7949,0.0,0.10495314963186804,0.07309845197153404,0.19783505511440494,0.19482146099700412,0.08407833409654444,0.2690203820455903,0.07619316614305406
7951,0.0010277492291880781,0.12155406204727902,0.05370245142599558,0.2071548298715678,0.18438087520857982,0.1245285187949297,0.22952416010647775,0.07915510254517032
7952,0.0020597322348094747,0.14712186160440907,0.05710349050826699,0.22473974280465403,0.1754439681567667,0.12247397428046541,0.20606246172688303,0.0670545009185548
7953,0.001141552511415525,0.07351023342690656,0.05021281468058088,0.1743931737649859,0.20179681505882044,0.12277808826178307,0.2768686429381599,0.10044023186876333
7954,0.0,0.7151903292303383,0.28218562878979797,0.0005563056489680519,0.0007101463985516154,0.00021459933946648747,0.0008705490758425347,0.00027244151703503106
7955,0.0009910802775024777,0.09169006902994539,0.05715856050169173,0.1878558053712917,0.1958566498191779,0.12285334448239528,0.2520958932496624,0.09248967754583551
7956,0.0021598272138228943,0.135996275892766,0.0735332108066301,0.22007904762744102,0.18183332681231826,0.11354371849131156,0.204621504967152,0.07039291540238105
7957,0.0014084507042253522,0.07091987336436649,0.06687873888862825,0.17565244975168642,0.2048595112150293,0.11767487148074819,0.26303699427902294,0.10097756102051843
7958,0.0,0.07379134860050891,0.16539440203562342,0.1940203562340967,0.21755725190839695,0.06361323155216285,0.19656488549618323,0.089058524173028
7959,0.0,0.06677902409784249,0.03158782413288587,0.13695149806514106,0.11405491412956746,0.05194005419755695,0.4036475479059209,0.19503913747108528
9001,0.0032258064516129032,0.09570444604793298,0.08606225575819178,0.2303447867427718,0.25019112294254314,0.08234679349365168,0.2041535422580931,0.05119705275681549
9101,0.002103049421661409,0.05286434312073953,0.02844314697162962,0.11934979932640578,0.1879566394392057,0.07475413869072599,0.34472256932232576,0.19190936312896759
9102,0.0009407337723424271,0.06566298722494637,0.05370522439394506,0.10275167619372583,0.15870394353365344,0.051013676451207184,0.36562652864672346,0.20253596355579856
9103,0.001976284584980237,0.0414798334944919,0.060478171042949475,0.06491435760845976,0.19148576750448904,0.040461181439191994,0.38190558030270133,0.2192751086077164
9104,0.0009433962264150943,0.040903286609489706,0.05946862314173161,0.06428870694219978,0.19081812633948056,0.040939678960706216,0.38399647094692196,0.21958510705947012
9105,0.0010204081632653062,0.03537463475037029,0.031242538352274377,0.06803814313680656,0.1833856193368216,0.04283771305637264,0.38880627042366606,0.2503150809436883
9106,0.0,0.0323739992607618,0.014748158730090355,0.07032347125823772,0.17823660078334402,0.04442437105493303,0.39262581302920085,0.2672675858834322
9107,0.002173913043478261,0.03709108976609091,0.0383108864341456,0.06723556756710804,0.184086166946103,0.04305111826937354,0.38905672422821796,0.24116844678896104
9108,0.0024009603841536613,0.03237410071942446,0.01474820143884892,0.07032374100719425,0.17823741007194244,0.044424460431654676,0.39262589928057556,0.2672661870503597
9109,0.0,0.03246620329534242,0.015109183592818346,0.07037930902129873,0.17630301161287124,0.045637404913682636,0.39299788325059826,0.26710700431338835
9111,0.0011560693641618498,0.032951295051962176,0.015249727464976754,0.07054167873282764,0.17488258361584622,0.04649033347530274,0.39495451445042307,0.26492986720866135
9112,0.0009950248756218905,0.04391387838493637,0.07506610481839462,0.03343962463184886,0.10617555307796887,0.07007911440102313,0.4717183278623536,0.19960739682347453
9113,0.0,0.04376217603097526,0.07664142497379473,0.031665767065795554,0.10451319977466826,0.07075823097554235,0.47469616310023466,0.19796303807898927
9114,0.003257328990228013,0.045537746536472384,0.07609069008470627,0.0319725368750276,0.1029598708243009,0.07007061515324484,0.4749143734032369,0.1984541671230112
9115,0.0,0.03595165366865297,0.028581373966692934,0.04262783059373542,0.14902998404591214,0.04832388478044963,0.44033632757226004,0.2551489453722969
9116,0.0010416666666666667,0.03400675458310672,0.01790013136426073,0.045375309953296895,0.1584020109240404,0.04347750421052337,0.4327422436981726,0.26809604526659914
9117,0.0011890606420927466,0.049677040516735174,0.026541397533763948,0.11332941867293013,0.19119201409277745,0.07762771579565472,0.3524368761009983,0.18919553728714036
9118,0.0,0.06452891029361937,0.04191368233240524,0.10758664892866902,0.16097604319378153,0.06556297242540798,0.3701339930892604,0.18929774973685642
9119,0.0010193679918450561,0.04967704051673518,0.026541397533763948,0.11332941867293013,0.19119201409277747,0.07762771579565474,0.3524368761009983,0.18919553728714036
9121,0.0,0.07059187402570358,0.04818909456087041,0.10524228386189759,0.14864100804719965,0.06063779447881985,0.37735846920399746,0.1893394758215115
9122,0.0009615384615384616,0.07199211045364892,0.04963839579224195,0.10470085470085472,0.1457922419460881,0.05950032873109797,0.3790269559500329,0.18934911242603553
9123,0.0,0.049667081644022865,0.023622589267665608,0.07911622799407618,0.13642556484523366,0.0690027163258884,0.4380621547639636,0.20410366515914982
9124,0.0010672358591248667,0.04602573807721423,0.019379258137774413,0.07494322482967448,0.13489780469341406,0.07055261165783497,0.44769114307342917,0.2065102195306586
9125,0.0,0.04310749868984315,0.021635975920080805,0.07419600989694457,0.1279947696194089,0.0751745906121517,0.4359248493988397,0.22196630586273125
9126,0.0009624639076034649,0.035610656818781325,0.027433394882616726,0.072276444209971,0.11026114481667108,0.0870482722236877,0.4056977050910051,0.2616723819572672
9127,0.0,0.03572155348891108,0.02739780985360485,0.07219670602735716,0.11030291862556978,0.08687800784003301,0.4058183416757364,0.26168466248878786
9128,0.0012239902080783353,0.07026968729872853,0.016311847195843516,0.047355514678048216,0.12331689945916406,0.03383478568859061,0.4434007944832047,0.26551047119642035
9129,0.0,0.07030636292223096,0.016300078554595445,0.04732914375490967,0.12333071484681854,0.033778476040848396,0.4434406912804399,0.2655145326001571
9131,0.0,0.07030636292223096,0.016300078554595445,0.04732914375490966,0.12333071484681853,0.03377847604084839,0.4434406912804399,0.2655145326001571
9132,0.00681044267877412,0.00887102266788235,0.017869054601727313,0.09182553752892894,0.09215306260026511,0.06188977834806023,0.4256407906131675,0.3017507536399686
9133,0.0037071362372567192,0.03357807678415292,0.023182101561481722,0.08518275738989617,0.12510677973561066,0.04789812443057366,0.41586191825810787,0.269190241840177
9134,0.0010559662090813093,0.029457514007281208,0.0197311739356217,0.10999644729958058,0.20534432573777409,0.030684285335526366,0.3926098279396276,0.2121764257445884
9135,0.002229654403567447,0.0496770395442323,0.026541397014176123,0.11332941645433608,0.19119201034990588,0.07762771942768737,0.3524368795049398,0.18919553770472247
9136,0.0,0.04967704051673518,0.02654139753376395,0.11332941867293014,0.1911920140927775,0.07762771579565475,0.3524368761009983,0.18919553728714036
9137,0.000945179584120983,0.049677040516735174,0.026541397533763948,0.11332941867293013,0.19119201409277745,0.07762771579565472,0.3524368761009982,0.18919553728714036
9138,0.0,0.07199211045364892,0.04963839579224195,0.1047008547008547,0.1457922419460881,0.059500328731097965,0.37902695595003294,0.18934911242603553
9139,0.0,0.07199211045364892,0.04963839579224195,0.1047008547008547,0.14579224194608809,0.05950032873109796,0.3790269559500329,0.18934911242603553
9141,0.0,0.04602573807721423,0.019379258137774413,0.07494322482967448,0.1348978046934141,0.07055261165783497,0.4476911430734292,0.2065102195306586
9142,0.0,0.04602573807721424,0.019379258137774417,0.07494322482967451,0.13489780469341411,0.07055261165783498,0.4476911430734292,0.2065102195306586
9143,0.0,0.044832874370411176,0.02030171732692114,0.0746377921848092,0.13207611020111018,0.07244189838738553,0.44288153603819275,0.21282807149117008
9144,0.0,0.0356231475757048,0.02742938679159847,0.07226746296413752,0.11026584997591625,0.08702909463227339,0.4057112928953475,0.2616737651650221
9145,0.0010787486515641855,0.07029382396662812,0.016304102111825643,0.0473381596571047,0.12332599153155102,0.03379772763374917,0.44342705104418884,0.2655131440549525
9146,0.0011350737797956867,0.07030636292223096,0.016300078554595445,0.04732914375490966,0.12333071484681854,0.03377847604084839,0.4434406912804399,0.2655145326001571
9147,0.0,0.01789348919330949,0.017638632929024976,0.08529074466107475,0.09673184937952486,0.057761319337287065,0.4282549050180279,0.2964290594817511
9148,0.0,0.021133812122722518,0.020513672360470556,0.08854379318412976,0.10853388073982352,0.0549422940264391,0.4207644624077952,0.28556808515861937
9149,0.0019860973187686196,0.04335424939539677,0.02392822643077915,0.09513023839193133,0.183437291028252,0.03204155527054163,0.39878126663617897,0.22332717284692005
9151,0.0,0.005227141003046658,0.012432433510460906,0.13633058177689353,0.24398766431230579,0.028257659213579013,0.38133191772657266,0.19243260245714142
9152,0.0017152658662092624,0.005227858453280184,0.012433009158088431,0.1363375237426974,0.24399485462501416,0.028256608673703613,0.38132258745161335,0.1924275578956029
9201,0.0,0.005397897475917428,0.011514869775548959,0.06549043957911269,0.08312296264541529,0.017632548288196014,0.4962191160420132,0.3206221661937964
9202,0.0,0.007707888382610514,0.011577060000040038,0.0653142129787982,0.08271333421832072,0.01728219407208137,0.49299042957303846,0.3224148807751108
9203,0.0,0.00644605903788806,0.000314502994465332,0.03180144557953876,0.07191646926718581,0.047643920544593765,0.4939545148855755,0.34792308769075275
9204,0.0,0.014492753623188406,0.005247376311844078,0.029735132433783104,0.06121939030484758,0.03673163418290855,0.5744627686156921,0.27811094452773616
9205,0.0,0.009792521483208853,0.0031156695387676877,0.05192772870530903,0.06606593189538892,0.028950023377735314,0.5681090594302033,0.27203906556938684
9206,0.0,0.005972696245733789,0.0,0.031854379977246876,0.07252559726962457,0.04835039817974972,0.4891922639362912,0.35210466439135385
9207,0.0020060180541624875,0.012119823174323864,0.0057741205719651625,0.028641993650307375,0.06273693224338493,0.032612924385903484,0.5539976034580053,0.30411660251610984
9208,0.0010482180293501049,0.008663142241003086,0.0049061275202225575,0.050729974100198645,0.0644491579845065,0.021813655621118946,0.5647171259037832,0.284720816629167
9209,0.0,0.014358676446755243,0.005190784739336809,0.030350722061545463,0.06132611952535533,0.03652434002897762,0.5743354523577376,0.2779139048402919
9211,0.0021551724137931034,0.008149407083997732,0.005115589438807564,0.02811673613156521,0.06653961448467177,0.031417738939464604,0.5172118340234118,0.3434490798980813
9212,0.0024752475247524753,0.002519953197342931,0.00019395328719973154,0.08470572652507095,0.07075002352921514,0.018220490030977483,0.5630935418290545,0.2605163116011393
9213,0.0,0.002550632180581059,0.000193544169495122,0.08462009279481576,0.07082490444998121,0.018221923577817045,0.5629530406361584,0.26063586219115137
9214,0.0,0.010527409896859284,0.010704244514661124,0.02403345257259948,0.060000076182142065,0.01291922705869563,0.5478225220904983,0.33399306768454406
9215,0.0,0.0110803324099723,0.012003693444136657,0.023084025854108958,0.05847953216374269,0.008618036318867343,0.5549399815327792,0.33179439827639273
9216,0.0,0.0110803324099723,0.012003693444136659,0.023084025854108958,0.058479532163742694,0.008618036318867345,0.5549399815327793,0.3317943982763928
9217,0.0,0.0018556162697668222,0.0015525721526414048,0.0528144325725937,0.05913932584663438,0.017093100351621045,0.608534089940918,0.25901086286582464
9218,0.0011750881316098707,0.0017813926674749736,0.0007734279715808629,0.06425743431213174,0.06298262938469569,0.017733372256623376,0.5952765039383116,0.2571952394691818
9219,0.0,0.00254222453657787,0.00019366467724376494,0.0846416016244692,0.0708040095344062,0.018221469671572857,0.5629940007662549,0.26060302918947525
9221,0.0,0.013849961922076964,0.003643459293892646,0.014481736855955243,0.06656855947788909,0.03347813655276945,0.5006248957482728,0.36735325014914383
9222,0.0,0.01018301106223697,0.003562419141915521,0.014895439200374045,0.060522152960388695,0.02822912731228343,0.546973881355279,0.3356339689675222
9223,0.0014771048744460858,0.0049201014019144475,0.001462076750154072,0.013552619039440678,0.052687208770221844,0.02562478742171154,0.608895783126168,0.2928574234903894
9224,0.0010214504596527069,0.0032233573580667703,0.002059815803503599,0.018645232037883028,0.05869635069578639,0.022175106869881424,0.606029402926298,0.2891707343085808
9225,0.0,0.0015971622734692035,0.0029634745055062235,0.018258608928107108,0.045187244963949304,0.016505212878697207,0.6635265443342065,0.2519617521160644
9226,0.0,0.005481267061903549,0.0029679367831851613,0.028673708257075117,0.07799647714463875,0.02403727466935795,0.5371570599683247,0.3236862761155147
9227,0.0,0.026428300439205615,0.02821229836579089,0.04375672561551561,0.11111748952369231,0.034752414987115475,0.38089316902866255,0.37483960204001754
9228,0.0,0.01780585640239143,0.008615738618843578,0.03159104591479769,0.06203331809568546,0.03159103704553932,0.3802412621598706,0.46812174176287197
9229,0.0,0.01758381186721774,0.008774954860192604,0.03229748473024792,0.06252873223245445,0.03135636404309324,0.38279489223383023,0.46466376003296384
9231,0.0010121457489878543,0.04052391714563562,0.05441642346402407,0.036043966078869366,0.12608165960835843,0.0601091236151891,0.4589087423101801,0.22391616777774337
9232,0.0,0.03677861160508042,0.016947526768089406,0.046969089903728584,0.14561895580193318,0.036754034429124845,0.4348378435062695,0.2820939379857741
9233,0.0,0.04360723820824681,0.012755858795609611,0.06318599822011273,0.07653515277365766,0.011272619400771284,0.44289528329872446,0.3497478493028775
9234,0.0012674271229404308,0.04360723820824681,0.01275585879560961,0.06318599822011273,0.07653515277365766,0.011272619400771284,0.4428952832987244,0.34974784930287744
9235,0.0,0.043579235334278044,0.0127549493523109,0.06318768763327709,0.07653998115481493,0.011277280209666535,0.44293436487405263,0.34972650144159984
9236,0.0,0.0070591336933390515,0.0,0.012666163916516019,0.060968106068404526,0.052757789661506405,0.4494838427686863,0.4170649638915476
9237,0.0,0.005779859085147288,0.0,0.012978112888138415,0.059510434835746494,0.05410874286714789,0.44508763286513003,0.42253521745869
9238,0.0,0.015059368664929048,0.0,0.01071532001158413,0.07008398494063132,0.044309296264118156,0.4769765421372719,0.3828554879814654
9239,0.0,0.008554086251585264,0.0021859278361963477,0.02885664299836557,0.09045006294015706,0.031180055328242754,0.4734604458766864,0.36531277876876656
9241,0.0,0.0071055881045005145,0.0027635920572916836,0.03328069129988553,0.09524635114577645,0.028075775927547047,0.4725169039222185,0.3610110975427802
9242,0.002079002079002079,0.007290989963048735,0.0029029081339272144,0.033616400286455635,0.09524564626810099,0.028048973603267895,0.4722609721217557,0.3606341096234438
9243,0.0016863406408094434,0.0012795905310300705,0.0,0.014075495841330775,0.054382597568777995,0.05886116442738325,0.4296225207933462,0.44177863083813185
9244,0.0010976948408342481,0.001279840818132599,1.4689171129178e-07,0.014075621269956592,0.05438268957789483,0.05886109277446901,0.42962309653011954,0.4417775121377162
9245,0.0,0.0,0.00822447992259313,0.06337687469762941,0.045960328979196906,0.03725205611998064,0.5026608611514272,0.3425253991291727
9246,0.0,0.0014010032719388096,0.007459340059301104,0.05847766464028126,0.048204601078850356,0.03790860532551411,0.5002713974377091,0.34627738818640524
9247,0.0,0.005761164424059205,0.0036925468643659674,0.038560265694157735,0.08639725263009951,0.029733305243601252,0.4780239915017385,0.35783147364197787
9248,0.0,0.007413588889430366,0.0028393009596901536,0.03331336678787267,0.09528284415626309,0.02816155795827775,0.4724423005823128,0.3605470406661531
9249,0.001088139281828074,0.0064489373154636405,0.006245254864458081,0.024357107076221983,0.11222906552802682,0.04081630584747396,0.5210066482030813,0.28889668116527434
9251,0.0010121457489878543,4.689705683956643e-05,0.005086786657381498,0.017711513975014016,0.11813943550818799,0.045799130481754644,0.5344264330279892,0.2787898032928331
9252,0.002036659877800407,8.830624403232009e-06,0.005078523862319797,0.017821690652523595,0.11827441078448336,0.04578531700069479,0.5343226011116219,0.27870862596395335
9253,0.0013123359580052493,0.007803933674609067,0.006442239117689648,0.025775412971098755,0.11063010460033812,0.03963329148428971,0.51817337001347,0.29154164813850475
9254,0.0,0.04347749857280235,0.024765650577155553,0.035222512865043125,0.0698951517996327,0.04678062549723993,0.5266905965121582,0.2531679641759682
9255,0.0,1.3373039926277532e-06,0.005066589169463702,0.017625789335678307,0.11806262576710602,0.04581497707540066,0.5345750137562473,0.2788536675921114
9256,0.0,0.043478260869565216,0.02476609796367639,0.035222894881673086,0.06989543203082003,0.04678040726472207,0.5266923500275178,0.25316455696202533
9257,0.0,0.0355657080170181,0.04324361975450446,0.1196688329328115,0.1346021571469066,0.04382849380790928,0.38083061504457766,0.2422605732962724
9258,0.0,0.005227465385702176,0.012432890647075447,0.13633794857304324,0.24399547894885565,0.028256569652444195,0.38132240745973445,0.19242723933314496
9401,0.0009208103130755065,0.08037245454490392,0.021195784506506676,0.17544718736021708,0.1886792378035854,0.054030883075595386,0.3331291426740391,0.14714531003515238
9402,0.0,0.07152014978219048,0.02840800264505045,0.12791361403419785,0.18603549456964663,0.07338485275891435,0.3555592852432423,0.1571786009667579
9403,0.0,0.06270876075833398,0.03561342936990473,0.08066961432577412,0.1833866592273321,0.09260098393502328,0.3778691854315477,0.16715136695208402
9404,0.0009900990099009901,0.04487875497647485,0.09066232356134638,0.09156713716974303,0.15164676076728195,0.057727108215707576,0.39775606225117627,0.16576185305827001
9405,0.0,0.04488091066643565,0.09066054045356452,0.09156689624918642,0.15164640651008818,0.05772866334582023,0.3977550489102847,0.1657615338646204
9406,0.0010526315789473684,0.09099749930536259,0.05251458738538483,0.08641289247013059,0.1440677966101695,0.09099749930536259,0.3760766879688803,0.15893303695470964
9407,0.0,0.0909974993053626,0.05251458738538483,0.08641289247013059,0.14406779661016947,0.0909974993053626,0.3760766879688803,0.15893303695470964
9408,0.0,0.09074906347043603,0.052220339000433706,0.08634855943645361,0.1438860523961828,0.0904974918659672,0.3766017296911456,0.15969676413938108
9409,0.0,0.06036305975283772,0.01623103608177661,0.07848003354102218,0.12165705164239139,0.029341950771076583,0.4408191954579664,0.25310767275292906
9411,0.0,0.0803724577309483,0.02119578534672874,0.17544719431511882,0.18867924528301883,0.05403087478559176,0.3331291350159275,0.147145307522666
9412,0.0,0.08037245773094831,0.021195785346728745,0.17544719431511885,0.18867924528301888,0.054030874785591765,0.3331291350159275,0.14714530752266602
9413,0.0,0.06270742703828527,0.0356175471371529,0.08067042948225116,0.18338428501952544,0.09259837529945734,0.37787067300965876,0.16715126301366914
9414,0.0020855057351407717,0.044878754976474845,0.09066232356134636,0.09156713716974303,0.15164676076728192,0.05772710821570756,0.39775606225117627,0.16576185305827001
9415,0.0011862396204033216,0.09099749930536259,0.05251458738538482,0.08641289247013058,0.1440677966101695,0.09099749930536259,0.3760766879688802,0.15893303695470962
9416,0.0,0.0803724577309483,0.021195785346728745,0.17544719431511885,0.18867924528301888,0.05403087478559177,0.3331291350159275,0.14714530752266602
9417,0.0,0.06272044165005368,0.03557736543474927,0.08066247508050912,0.1834074528446557,0.09262383070081276,0.3778561570311302,0.16715227725808923
9418,0.001142857142857143,0.06270934438673283,0.0356108110745674,0.08070098898212577,0.1833766899157091,0.09259358439108771,0.37786721854869737,0.1671413627010798
9419,0.002068252326783868,0.044885443132119035,0.09064166321755872,0.0915634821012883,0.15165851651707773,0.057740073182282935,0.3977485846062759,0.16576223724339742
9421,0.0010204081632653062,0.08327194278933578,0.058904884781258854,0.08727630298365893,0.1453373826923742,0.08542422773403653,0.37970829662794486,0.16007696239139077
9422,0.0,0.09099054563562266,0.05251063135974246,0.08641308961895161,0.14406610801330785,0.09099052967228108,0.37607987755009376,0.15894921815000054
9423,0.0,0.07049517742214145,0.032772250087105,0.17986243344099484,0.1785356538095913,0.05271215574348214,0.33469533550919983,0.15092699398748546
9424,0.0009363295880149813,0.07515554866663283,0.025446143786044796,0.14743434531999314,0.18712121011973498,0.06543670744573513,0.34634784077178143,0.15305820389007774
9425,0.0019120458891013384,0.06739778066634668,0.04488750760935114,0.10213004200710783,0.17038337290467492,0.0909444232420006,0.34891305111896226,0.17534382245155666
9426,0.0010964912280701754,0.06404637353315425,0.028842075498374097,0.18252509543333803,0.1501484518591828,0.06758094160893538,0.37211932701823836,0.13473773504877706
9427,0.0009242144177449168,0.05795719747877222,0.057730742338896975,0.13400250804487598,0.15091988777315635,0.06715579555619129,0.38214023551204224,0.1500936332960649
9428,0.0009727626459143969,0.06892400888984837,0.048245256496930095,0.13044187591604756,0.1508160761750606,0.08041060489843697,0.372769255353849,0.14839292226982728
9429,0.0010235414534288639,0.06404637353315425,0.028842075498374097,0.18252509543333803,0.1501484518591828,0.06758094160893538,0.3721193270182384,0.134737735048777
9431,0.0,0.06404637353315426,0.0288420754983741,0.18252509543333803,0.1501484518591828,0.0675809416089354,0.37211932701823836,0.13473773504877704
9432,0.0019249278152069298,0.06735734094246629,0.04173615409940639,0.1482170780660199,0.15064260439787497,0.07617738347410868,0.3724735060209864,0.14339593299913733
9433,0.0,0.06898775628852646,0.04829730779123157,0.13052272523755096,0.15085461564560948,0.08049647013463372,0.3727144346035224,0.14812669029892528
9434,0.0,0.0244643158427535,0.08672178167707104,0.20043867049097353,0.1312637084528429,0.046566559811034254,0.34199426353973345,0.16855070018559137
9435,0.0,0.05682273563046248,0.0615947158960287,0.1410846928402729,0.15280758931763164,0.07703475874938447,0.3335149506227171,0.17714055694350272
9436,0.0008605851979345956,0.07308068897348738,0.04895016259432013,0.11130331179244207,0.1636264878102846,0.09233109962122389,0.3292843119990166,0.18142393720922526
9437,0.002026342451874367,0.06404997714605189,0.028850096223628226,0.18249668644764155,0.15015382798585328,0.0675908139660853,0.3721022409630066,0.13475635726773308
9438,0.0018214936247723133,0.06601845686341144,0.03652206576242965,0.16209050312838982,0.15044277972886175,0.07270116709172134,0.3723302836423604,0.13989474378282568
9439,0.0009940357852882703,0.06861021892768976,0.04829631939920989,0.1300445324608994,0.1504950465763466,0.08038683133018827,0.37266563495410276,0.14950141635156336
9441,0.0,0.024462124232377914,0.08671511877101049,0.20043272212746746,0.1312641150530139,0.04657321094800179,0.34199656858923755,0.16855614027889088
9442,0.0017809439002671415,0.024464315842753503,0.08672178167707102,0.2004386704909735,0.13126370845284294,0.04656655981103425,0.3419942635397334,0.16855070018559137
9443,0.0,0.057663278568516725,0.06093793380913342,0.139538049464711,0.15336812383458284,0.07783045296139675,0.33329553621547275,0.17736662514618645
9444,0.0,0.07303099627790567,0.048938738030746456,0.111253250954401,0.1635605140491377,0.09235699624788374,0.3294452398856982,0.18141426455422718
9445,0.0,0.03615910856987783,0.03181087894376018,0.1126451953523764,0.11389623349449227,0.09743890382506733,0.45536769060975324,0.15268198920467266
9446,0.0008695652173913044,0.03615205585725369,0.03180760279286268,0.11264546159813808,0.1138867339022498,0.09743987587276959,0.4553917765709853,0.15267649340574088
9447,0.0010090817356205853,0.04541716455211686,0.03646652110292577,0.11770383370351317,0.12430770476536926,0.09269511533485206,0.4320951817723004,0.15131447876892243
9448,0.0,0.05625474914380001,0.04200284046830066,0.12346427356394944,0.13652070189939988,0.08684483611092247,0.40428476450128253,0.15062783431234492
9449,0.0,0.07307331935481862,0.04895567933317517,0.11124947034828878,0.16361885178295169,0.0923522895120344,0.3292925250932362,0.1814578645754953
9451,0.0,0.037458970193056294,0.03240331637178781,0.1125841352782821,0.1156437231806962,0.09726223953251219,0.45092040814886886,0.1537272072947964
9452,0.0,0.0360908565684781,0.0318000951925728,0.11264361307028627,0.11361810440885414,0.09684181529887781,0.45551178697614186,0.153493728484789
9453,0.0,0.03619133099587985,0.031765906850249326,0.11257577080884175,0.11388490498761249,0.09733150722222748,0.45519505536620586,0.15305552376898318
9501,0.006666666666666667,0.043478260869565216,0.024766097963676386,0.035222894881673086,0.06989543203082003,0.04678040726472206,0.5266923500275179,0.2531645569620253
9502,0.0,0.0,0.005066079295154185,0.01762114537444934,0.11806167400881057,0.04581497797356828,0.5345814977973568,0.27885462555066076
9503,0.0028653295128939827,0.03748381449972963,0.019467557155597854,0.14769044514087218,0.14469835965677133,0.045781054524511436,0.35292469593423303,0.25195407308828444
9504,0.002857142857142857,0.03749231714812538,0.019360786724031957,0.14781807006760908,0.14474492931776273,0.045789797172710506,0.35279655808236016,0.2519975414874001
9505,0.001218026796589525,0.03455698162889506,0.05575934583884879,0.10491785376057593,0.12928420617041522,0.04280117909660993,0.3955207641636147,0.23715966934104044
9506,0.00267379679144385,0.0345553411682161,0.055779687774074715,0.10489387826697069,0.12927556569022977,0.04279950885809507,0.39554464129100153,0.237151376951412
9507,0.0013812154696132596,0.012427242095527286,0.0230742089176117,0.12861866175081982,0.21583258826568277,0.031826753724475625,0.3848138607330429,0.20340668451283977
9508,0.0,0.034555341168216104,0.05577968777407473,0.10489387826697072,0.1292755656902298,0.042799508858095074,0.3955446412910016,0.23715137695141206
9509,0.0,0.005227465385702176,0.012432890647075446,0.13633794857304324,0.24399547894885562,0.028256569652444195,0.3813224074597344,0.19242723933314496
9511,0.0030165912518853697,0.026442918540974185,0.043789472715908266,0.11359166426876696,0.16100839308679796,0.03877676715141928,0.3916106103233893,0.22478017391274413
9512,0.0012987012987012987,0.034552987623138826,0.05577534677667527,0.10489126257200802,0.12927791261081414,0.04279694570152835,0.39555535148472226,0.23715019323111314
9513,0.00228310502283105,0.0345553411682161,0.05577968777407472,0.1048938782669707,0.12927556569022977,0.042799508858095074,0.3955446412910016,0.23715137695141206
9514,0.002150537634408602,0.05303964996434175,0.014815116839688214,0.07697906009996208,0.11184032445678609,0.03793285835936893,0.44420749997349424,0.2611854903063588
9515,0.0013351134846461949,0.06032368808239333,0.016184404119666502,0.0784698381559588,0.12162824914173613,0.029262710478992968,0.4409024031387935,0.2532287068824587
9516,0.0,0.06032368808239333,0.016184404119666502,0.07846983815595879,0.12162824914173613,0.02926271047899297,0.4409024031387935,0.25322870688245874
9517,0.0,0.06032368808239333,0.016184404119666502,0.0784698381559588,0.12162824914173614,0.029262710478992968,0.4409024031387935,0.25322870688245874
9518,0.0,0.06032368808239333,0.016184404119666505,0.0784698381559588,0.12162824914173613,0.02926271047899297,0.44090240313879353,0.25322870688245874
9519,0.0,0.04708154859041143,0.014056018724931592,0.08177140974642173,0.10757417970070542,0.03002058777741539,0.44176313499295317,0.2777331204671612
9521,0.0,0.01912533432642881,0.009562667163214404,0.08874155127462967,0.07790386182298667,0.031620557801834,0.44358026424191555,0.32946576336899086
9522,0.002150537634408602,0.019125313284798988,0.009562656642399494,0.08874145364146731,0.07790377611341455,0.03162081253844929,0.4435803552672678,0.3294656325122025
9701,0.0,0.06033144056078019,0.016194552762746808,0.07847229686437915,0.12163468798814754,0.029279899918194404,0.4408834205689697,0.25320370133678227
9702,0.0,0.06032368808239332,0.016184404119666502,0.0784698381559588,0.12162824914173613,0.029262710478992968,0.4409024031387935,0.2532287068824587
9703,0.0,0.03600708037024844,0.02123165056457523,0.08798122779136701,0.13071676196847773,0.035883301838318525,0.40129739682394716,0.28688258064306593
9704,0.0,0.035450140270339194,0.020913032389696506,0.0879877582249426,0.13057893394542208,0.03532262178015812,0.4015557255802091,0.2881917878092323
9705,0.0,0.0354501402703392,0.020913032389696506,0.0879877582249426,0.13057893394542208,0.03532262178015812,0.40155572558020913,0.2881917878092323
9706,0.0,0.019125334693357136,0.009562667346678568,0.0887415529771771,0.07790386331760807,0.0316205533596838,0.4435802626545965,0.3294657656508989
9707,0.0,0.0354501402703392,0.020913032389696506,0.0879877582249426,0.13057893394542208,0.035322621780158124,0.40155572558020913,0.28819178780923227
9708,0.0,0.0354501402703392,0.020913032389696506,0.08798775822494262,0.13057893394542208,0.035322621780158124,0.40155572558020913,0.2881917878092323
9709,0.0,0.03544999614850673,0.020913156138193053,0.08798757593278388,0.1305787436348722,0.03532274105777135,0.4015555560881269,0.28819223099974595
9711,0.0030627871362940277,0.035450140270339194,0.02091303238969651,0.0879877582249426,0.13057893394542208,0.035322621780158124,0.4015557255802092,0.2881917878092324
9712,0.0,0.018642941343526526,0.03534433375945721,0.066729212435446,0.10838529946923643,0.04923253770762699,0.38178989902786814,0.3398757762568387
9713,0.000998003992015968,0.012001920307249161,0.041046567450792125,0.05832933269323092,0.09961593855016804,0.05472875660105617,0.37397983677388386,0.3602976476236198
9714,0.0010162601626016261,0.012001920307249158,0.04104656745079212,0.05832933269323091,0.09961593855016802,0.05472875660105616,0.37397983677388374,0.3602976476236197
9715,0.0,0.01200192030724916,0.041046567450792125,0.058329332693230915,0.09961593855016802,0.05472875660105617,0.3739798367738838,0.36029764762361977
9716,0.0,0.02565431058692622,0.03329529914164141,0.10013896596709856,0.08867459726607893,0.03882067558427545,0.44668622710038997,0.26672992435358955
9717,0.0009891196834817012,0.022076054846823522,0.03532688626683386,0.08918077057500605,0.09154229416399828,0.04299014195948229,0.42763007259569163,0.29125377959216425
9718,0.0,0.029674252565818827,0.031012940651494864,0.11244979919678713,0.08545292280232038,0.03413654618473895,0.4680946006247211,0.23917893797411868
9719,0.0010449320794148381,0.018637132585062097,0.015055609923191757,0.07987923932877528,0.09040798727167898,0.05562167719245901,0.41891259483067456,0.3214857588681582
9721,0.002861230329041488,0.013737250444391676,0.007937534920259164,0.06532926154190592,0.09270276226137654,0.06525455935864985,0.3966892009594341,0.3583494305139827
9722,0.004672897196261682,0.029788737728437202,0.030775475967998574,0.11150507812889289,0.0877231608253618,0.035182917213154204,0.465844994830526,0.2391796353056293
9723,0.0018181818181818182,0.044851016242362374,0.01880584374422919,0.09788909224693515,0.1308423378390962,0.10195943252825301,0.38153939209752163,0.22411288530160253
9724,0.0018315018315018315,0.05261753562997315,0.018826806777492218,0.09030926636739962,0.13005133467253385,0.0996744389404114,0.3844587633277885,0.2240618542844012
9725,0.002912621359223301,0.03901745498742086,0.015872104944286893,0.15472477652921818,0.27212308335266566,0.06595295038441427,0.300091194868216,0.15221843493377812
9726,0.0019646365422396855,0.03079576818013145,0.01407766293739119,0.19389564935338724,0.3582493940884594,0.04551559587416479,0.24892248354427057,0.10854344602219544
9727,0.004273504273504274,0.035440658155770036,0.0190374336840388,0.0649336782353632,0.20004286384798284,0.08685040909155749,0.3545927168050452,0.23910224018024254
9728,0.0029411764705882353,0.03544662750658295,0.019039902774964555,0.06481669029775168,0.1999189791371278,0.08689487543042333,0.35466882722300996,0.23921409763013976
9729,0.0011737089201877935,0.03198780904011942,0.026214170720478214,0.09335854323796328,0.1313306920807647,0.055281980334842454,0.4226337746910296,0.23919302989480234
9731,0.0,0.0262835199184661,0.026110661582371932,0.1024437413773946,0.08697517669602498,0.040737030302655734,0.45298531187920443,0.2644645582438821
9732,0.0,0.013684210526315788,0.007894736842105263,0.06526315789473684,0.09263157894736843,0.06526315789473684,0.3968421052631579,0.358421052631579
9733,0.0,0.013699254269115944,0.007892942139718544,0.06519840987978297,0.09277714080204091,0.06521905209116921,0.39676866996936355,0.35844453084880895
9734,0.0015267175572519084,0.035533278961823886,0.027495597334843757,0.0667714897896951,0.1854209088736434,0.09267100202101779,0.352805852097445,0.23930187092153105
9735,0.0,0.020328398343666496,0.03439058378765407,0.08108303047477648,0.13035926442414028,0.04644415956642784,0.3601669900347601,0.32722757336857455
9736,0.0,0.029454250719493945,0.042387959512389564,0.07189336338089235,0.14903122429321444,0.08568963847652317,0.3432555976233519,0.27828796599413474
9737,0.0,0.01645933014354067,0.03425837320574163,0.07349282296650718,0.14047846889952154,0.0445933014354067,0.3320574162679426,0.3586602870813397
9738,0.004624277456647399,0.0048658102288104774,0.01429462610573572,0.133759799705218,0.14049951571732527,0.11825267559551887,0.36466503406721856,0.22366253858017304
9739,0.0,0.029043407395336288,0.013679888146135728,0.20267271593754882,0.37703839323850397,0.04103981605830256,0.2377146412781518,0.09881113794602078
9741,0.0,0.02904889492553582,0.013684698264479976,0.2025480323730272,0.3768767551403345,0.041081826355411716,0.23782109692238682,0.098938696018824
9742,0.0,0.03866829021278463,0.02098907248736977,0.07062035830137213,0.20031852987261428,0.08662164410423526,0.3518273588528306,0.23095474616879325
9743,0.0036068530207394047,0.028994991184278684,0.013677663980419315,0.2025583011899831,0.3766362458851632,0.041172797438347154,0.23793137213474896,0.09902862818705957
9744,0.0,0.029043459960012626,0.013679890560875511,0.2026728401557403,0.37703882984320736,0.04103967168262654,0.23771440597705987,0.09881090182047776
9745,0.002105263157894737,0.03139206800207152,0.015217074070394424,0.1952187044566776,0.36341407461831543,0.0444696520120237,0.24523260871049374,0.10505581813002347
9746,0.0,0.035446627506582944,0.019039902774964555,0.06481669029775167,0.1999189791371278,0.08689487543042333,0.3546688272230099,0.23921409763013976
9747,0.0019138755980861245,0.07124403790362926,0.03956511944603226,0.12254028050343883,0.21155003212096257,0.07821745109245433,0.32493636288806566,0.15194671604541707
9748,0.0020242914979757085,0.03636362401818414,0.036812005067739566,0.07001926576481145,0.1704139922058546,0.09856635074166582,0.350232649167763,0.2375921130339813
9749,0.00101010101010101,0.1054652854952758,0.05924730810684555,0.17773430677626714,0.22256613622681848,0.06996251110470574,0.29650001348987065,0.06852443880021664
9751,0.0008896797153024911,0.03630548105920771,0.04641931143250641,0.07200690098342799,0.15373505760234718,0.10522820911089933,0.3482279744410439,0.23807706537056755
9752,0.001364256480218281,0.03595338756879874,0.05450870846544391,0.06365133883664417,0.12966427966899882,0.08218882494751566,0.38496242815408044,0.24907103235851835
9753,0.00125,0.04669722809655049,0.0649098233177068,0.0720154691953173,0.11589900734606001,0.05276935172470341,0.4145319244794913,0.2331771958401708
9754,0.0,0.03626943005181347,0.06590673575129534,0.05326424870466321,0.09699481865284974,0.049740932642487044,0.43544041450777204,0.2623834196891192
9755,0.0,0.04409562635108726,0.0636157309478477,0.06040847494118373,0.10430323393780798,0.04960765648823715,0.42775672040701684,0.2502125569268192
9756,0.0009727626459143969,0.07209175314036047,0.04123429819770617,0.12848170398689243,0.20166575641725834,0.08451665756417259,0.3242763517203714,0.14773347897323869
9801,0.0,0.11881020787561265,0.04174412709143147,0.1286124725367585,0.17407470001690048,0.048335305053236445,0.3544025688693595,0.13402061855670105
9900,0.0,0.00249500998003992,0.10079840319361277,0.31686626746506985,0.25698602794411174,0.04940119760479042,0.2405189620758483,0.03293413173652695
9901,0.0,0.11881020787561265,0.04174412709143147,0.1286124725367585,0.17407470001690045,0.048335305053236445,0.3544025688693595,0.13402061855670103
9902,0.0,0.11881020787561264,0.041744127091431465,0.12861247253675848,0.17407470001690045,0.04833530505323644,0.35440256886935945,0.13402061855670103
